Compound,Compounds_ID,Mode,Median.Intensity,Metabolite,Adduct,KEGG,HMDB,MSI_level,Origin
11.61_292.0905n,293.0978_11.6,pHILIC,129605497.1,Ethylenediaminetetraacetic acid,[M+H]+,C00284,HMDB0015109,2,Xiaotao
11.57_315.0796m/z,315.0796_11.6,pHILIC,79774955.39,"3,7-Dihydroxy-3',4'-dimethoxyflavone",[M+H]+,NA,NA,2,Xiaotao
1.03_187.0069m/z,187.0069_1,nHILIC,61933798.78,p-Cresol sulfate,[M-H]-,NA,HMDB0011635,2,Kevin
7.21_118.0862m/z,118.0862_7.2,pHILIC,48749088.31,Betaine,[M+H]+,C00719,HMDB0000043,1,Kevin
3.17_114.0662m/z,114.0662_3.2,pHILIC,48202189.7,Creatinine,[M+H]+,C00791,HMDB0000562,1,Kevin
13.29_358.3077n,359.3149_13.3,pRPLC,40843127.75,MG(18:0),[M+H]+,NA,HMDB0011131,2,Kevin
12.87_282.2555n,281.2482_12.9,nRPLC,34691061.22,C18:1 FA (Oliec acid),[M-H]-,C00712,HMDB00207,1,Xiaotao
0.96_255.2327m/z,255.2327_1,nHILIC,33413082.87,C16:0 FA (Palmitic acid),[M-H]-,C00249,HMDB00220,1,Kevin
10.93_519.3316n,520.3389_10.9,pRPLC,29759081.09,LysoPC(18:2),[M+H]+,C04230,HMDB0010386,2,Kevin
8.17_203.1154n,204.1227_8.2,pHILIC,23583666.76,C2:0 AC (L-Acetylcarnitine),[M+H]+,C02571,HMDB0000201,1,Xiaotao
11.20_495.3316n,496.3389_11.2,pRPLC,19955367.35,LysoPC(16:0),[M+H]+,C04230,HMDB0010382,2,Xiaotao
11.96_280.2398n,279.2325_12,nRPLC,17819678.92,C18:2 FA (Linoleic acid),[M-H]-,C01595,HMDB0000673,1,Xiaotao
1.18_290.0982n,291.1055_1.2,pHILIC,17705748.97,Rosolic Acid,[M+H]+,C14213,NA,2,Xiaotao
8.58_375.2513n,376.2585_8.6,pRPLC,13110188.58,"Piperidine, 4-(5H-dibenzo[a,d]cyclohepten-5-ylidene)-1-[4-(2H-tetrazol-5-yl)butyl]-",[M+H]+,NA,NA,2,Xiaotao
8.29_168.0281n,167.0209_8.3,nHILIC,11830225.17,Uric acid,[M-H]-,C00366,HMDB0000289,1,Xiaotao
11.42_538.4097n,539.417_11.4,pRPLC,9522657.973,LysoPC(18:1),[M+H]+,C04230,HMDB0002815,2,Xiaotao
11.59_192.0267n,191.0194_11.6,nHILIC,7576489.174,Citric acid,[M-H]-,C00158,HMDB0000094,1,Xiaotao
6.75_144.1019m/z,144.1019_6.8,pHILIC,7473926.98,Proline betaine,[M+H]+,C10172,HMDB0004827,1,Kevin
10.01_453.2852n,452.2779_10,nRPLC,7258721.414,LysoPE(16:0),[M-H]-,NA,HMDB0011473,2,Kevin
3.15_212.0021m/z,212.0021_3.1,nHILIC,7233392.532,3-indoxyl sulfate,[M-H]-,NA,HMDB0000682,2,Kevin
0.96_283.2638m/z,283.2638_1,nHILIC,7137857.672,C18:0 FA (Stearic acid),[M-H]-,C01530,HMDB00827,2,Kevin
9.82_161.1052n,162.1125_9.8,pHILIC,6461194.643,L-Carnitine,[M+H]+,C00318,HMDB0000062,1,Xiaotao
1.06_172.9912m/z,172.9912_1.1,nHILIC,5736464.916,Phenol sulphate,[M-H]-,NA,HMDB0061112,2,Kevin
6.71_104.1070m/z,104.107_6.7,pHILIC,5316000.547,Choline,[M+H]+,C00114,HMDB0000097,1,Xiaotao
6.44_89.0244m/z,89.0244_6.4,nHILIC,4463030.689,L-Lactic acid,[M-H]-,C00186,HMDB0000190,1,Kevin
12.48_278.2215n,277.2142_12.5,nRPLC,4367432.231,C18:3 FA (Linolenic acid),[M-H]-,C06427,HMDB01388,2,Kevin
10.15_274.2139n,275.2212_10.2,pRPLC,4285421.665,Hydrocinchonine,[M+H]+,NA,HMDB0030283,2,Xiaotao
10.93_544.3395m/z,544.3395_10.9,pRPLC,4017890.203,LysoPC(20:4),[M+H]+,C04230,HMDB0010395,2,Kevin
16.36_143.0945n,144.1018_16.4,pHILIC,3673964.5,Ne-Methyl-Lysine,[M+H]+,C02728,HMDB02038,1,Xiaotao
9.50_367.1580m/z,367.158_9.5,nRPLC,3598808.395,3-Dehydroepiandrosterone sulfate,[M-H]-,C04555,HMDB01032,2,Xiaotao
8.61_169.0851n,170.0924_8.6,pHILIC,3245795.965,1-Methylhistidine,[M+H]+,C01152,HMDB0000001,1,Xiaotao
12.10_267.2327m/z,267.2327_12.1,nRPLC,2852985.902,C17:1 FA (Heptadecenoic acid),[M-H]-,C16536,HMDB60038,2,Kevin
1.10_188.9861m/z,188.9861_1.1,nHILIC,2576672.383,Catechol sulfate,[M-H]-,NA,HMDB59724,2,Kevin
10.68_191.0428n,190.0355_10.7,nHILIC,2531789.57,Nitrilotriacetic acid,[M-H]-,NA,NA,2,Xiaotao
14.33_171.1006n,172.1079_14.3,pHILIC,2478078.425,Homoarginine,[M+H]+,C01924,HMDB0000670,1,Xiaotao
4.96_404.1267n,405.134_5,pRPLC,2459433.153,Bromosporine,[M+H]+,NA,NA,2,Xiaotao
11.54_253.2171m/z,253.2171_11.5,nRPLC,2433805.727,C16:1 FA (Palmitoleic acid),[M-H]-,C08362,HMDB0003229,1,Xiaotao
10.21_190.0953n,191.1026_10.2,pHILIC,2329430.997,Diaminopimelic acid,[M+H]+,C00666,HMDB0001370,2,Kevin
7.79_128.0352m/z,128.0352_7.8,nHILIC,2133850.043,Pyroglutamic acid,[M-H]-,C01879,HMDB0000267,1,Kevin
10.61_249.1080m/z,249.108_10.6,pHILIC,2096305.194,gamma-glutamylthreonine,[M+H]+,NA,HMDB0029159,1,Xiaotao
2.80_338.1192n,339.1265_2.8,pHILIC,2047151.367,MMV687248,[M+H]+,NA,NA,2,Xiaotao
2.62_134.0578n,133.0505_2.6,nHILIC,2026331.058,Alpha-ketoisovaleric acid,[M-H]-,C00141,HMDB0000019,1,Xiaotao
8.93_135.0298m/z,135.0298_8.9,nHILIC,2018751.41,Erythronic acid,[M-H]-,NA,HMDB0000613,1,Xiaotao
10.68_258.1101m/z,258.1101_10.7,pHILIC,2004183.124,Glycerophosphocholine,[M+H]+,C00670,HMDB0000086,1,Kevin
4.04_244.0692n,243.0619_4,nHILIC,1952898.271,Uridine,[M-H]-,C00299,HMDB0000296,1,Xiaotao
1.09_413.1999m/z,413.1999_1.1,nHILIC,1830683.199,"5.alpha.-Pregnan-3.alpha.,17-diol-20-one 3-sulfate",[M-H]-,NA,METPA0001,2,Xiaotao
7.86_180.0664m/z,180.0664_7.9,nHILIC,1725452.86,L-Tyrosine,[M-H]-,C00082,HMDB0000158,1,Kevin
7.26_218.1385m/z,218.1385_7.3,pHILIC,1674793.579,C3:0 AC (Propionylcarnitine),[M+H]+,C03017,HMDB00824,1,Xiaotao
2.76_130.0634n,129.0562_2.8,nRPLC,1668845.237,3-Methyl-2-oxovaleric acid,[M-H]-,C00671,HMDB0000491,2,Xiaotao
5.87_286.2011m/z,286.2011_5.9,pHILIC,1656337.193,C8:1 AC (Octenoylcarnitine),[M+H]+,NA,HMDB13324,2,Kevin
9.74_154.0620m/z,154.062_9.7,nHILIC,1563530.564,L-Histidine,[M-H]-,C00135,HMDB0000177,1,Kevin
10.21_414.1714n,413.1641_10.2,nRPLC,1511979.87,"5-Androsten-3.beta.,17.beta.-diol-3-sulfate",[M-H]-,NA,NA,2,Xiaotao
9.73_146.0690n,145.0617_9.7,nHILIC,1508499.734,L-Glutamine,[M-H]-,C00064,HMDB0000641,1,Xiaotao
10.01_439.2696n,438.2623_10,nRPLC,1467959.005,LysoPE(15:0),[M-H]-,NA,HMDB0011472,2,Kevin
10.93_567.3320n,568.3392_10.9,pRPLC,1418060.991,LysoPC(22:6),[M+H]+,C04230,HMDB0010404,2,Kevin
4.69_182.1071n,183.1144_4.7,pRPLC,1413671.778,Tetramethylpyrazine,[M+H]+,NA,HMDB0036584,2,Xiaotao
3.74_137.0458m/z,137.0458_3.7,pHILIC,1296169.315,Hypoxanthine,[M+H]+,C00262,HMDB0000157,1,Kevin
10.67_494.3232m/z,494.3232_10.7,pRPLC,1291812.18,LysoPC(16:1),[M+H]+,C04230,HMDB0010383,2,Kevin
11.92_303.2327m/z,303.2327_11.9,nRPLC,1217008.166,C20:4 FA (Arachidonic acid),[M-H]-,NA,HMDB01043,2,Xiaotao
6.41_131.0946n,132.1019_6.4,pHILIC,1194059.806,L-Isoleucine,[M+H]+,C00407,HMDB0000172,1,Xiaotao
5.76_287.2094n,288.2167_5.8,pHILIC,1189305.44,C8:0 AC (L-Octanoylcarnitine),[M+H]+,C02838,HMDB0000791,2,Xiaotao
10.23_195.0507m/z,195.0507_10.2,nHILIC,1171132.484,Gluconic acid,[M-H]-,C00257,HMDB0000625,2,Kevin
8.82_125.0145n,124.0072_8.8,nHILIC,1152989.543,Taurine,[M-H]-,C00245,HMDB0000251,1,Xiaotao
11.28_227.2015m/z,227.2015_11.3,nRPLC,1152211.655,C14:0 FA (Myristic acid),[M-H]-,C06424,HMDB0000806,1,Xiaotao
10.78_262.0798n,261.0725_10.8,nHILIC,1110512.81,Asp-Glu or Glu-Asp,[M-H]-,NA,NA,1,Xiaotao
7.30_138.0549m/z,138.0549_7.3,pHILIC,1100286.333,Trigonelline ( N'-methylnicotinate),[M+H]+,C01004,HMDB00875,1,Kevin
11.04_146.1176m/z,146.1176_11,pHILIC,1090049.093,Acetylcholine|3-Deoxycarnitine,[M+H]+,|C05543,HMDB00895|HMDB06831,2,Kevin
3.97_117.0556m/z,117.0556_4,nHILIC,1082053.187,3-Hydroxyisovaleric acid,[M-H]-,C20827,HMDB0000754,2,Xiaotao
10.44_467.3002n,468.3075_10.4,pRPLC,1076840.014,LysoPC(14:0),[M+H]+,C04230,HMDB0010379,2,Xiaotao
6.20_148.0524n,149.0597_6.2,pHILIC,1042483.357,L-Phenylalanine,[M+H]+,C00079,HMDB0000159,1,Xiaotao
11.91_327.2327m/z,327.2327_11.9,nRPLC,1033321.951,C22:6 FA (Docosahexaenoic acid),[M-H]-,NA,HMDB02183,2,Xiaotao
12.24_523.3627n,524.37_12.2,pRPLC,1030970.015,LysoPC(18:0),[M+H]+,C04230,HMDB0010384,2,Xiaotao
0.80_144.0244n,145.0317_0.8,pRPLC,1018291.276,S-Allylcysteine,[M+H]+,C16759,HMDB0034323,1,Xiaotao
12.21_239.0162m/z,239.0162_12.2,nHILIC,980533.6236,L-Cystine,[M-H]-,C00491,HMDB0000192,1,Xiaotao
8.17_386.1719n,387.1791_8.2,pRPLC,963625.7539,Amlodipine,[M+H]+,C06825,HMDB0005018,2,Xiaotao
10.45_147.0535n,146.0463_10.5,nHILIC,957925.9227,L-Glutamic acid,[M-H]-,C00025,HMDB0000148,1,Xiaotao
7.90_240.1001n,239.0928_7.9,nRPLC,937909.7085,3-carboxy-4-methyl-5-propyl-2-furanpropanoate (CMPF),[M-H]-,NA,HMDB0061684,2,Xiaotao
16.14_145.0981m/z,145.0981_16.1,nHILIC,924809.6365,L-Lysine,[M-H]-,C00047,HMDB0000182,1,Xiaotao
18.08_189.1597m/z,189.1597_18.1,pHILIC,897986.345,"N6,N6,N6-Trimethyl-L-lysine",[M+H]+,C03793,HMDB0001325,1,Xiaotao
5.11_246.1367n,247.144_5.1,pHILIC,892666.0475,Tryptophan betaine,[M+H]+,NA,HMDB0240261,1,Xiaotao
1.98_294.2193n,295.2266_2,pHILIC,876885.7158,Stearidonic Acid,[M+H]+,C16300,HMDB0006547,2,Xiaotao
18.07_175.1440m/z,175.144_18.1,pHILIC,825118.9406,"Ne,Ne dimethyllysine",[M+H]+,NA,NA,1,Xiaotao
12.89_619.2883m/z,619.2883_12.9,nRPLC,823997.7899,LysoPI(20:4),[M-H]-,NA,HMDB61690,2,Kevin
10.55_135.0298m/z,135.0298_10.6,nHILIC,782924.2918,L-Threonic acid,[M-H]-,NA,HMDB00943,2,Xiaotao
15.69_309.1651m/z,309.1651_15.7,pHILIC,757446.5363,Fructoselysine,[M+H]+,C16488,NA,1,Xiaotao
10.25_228.1473n,229.1546_10.3,pHILIC,704749.0086,"N,N,N-trimethyl-alanylproline betaine (TMAP)",[M+H]+,NA,NA,2,Kevin
5.85_546.3544m/z,546.3544_5.9,pHILIC,691831.6376,LysoPC(20:3),[M+H]+,C04230,HMDB0010393,2,Kevin
15.30_173.1041m/z,173.1041_15.3,nHILIC,685925.4107,L-Arginine,[M-H]-,C00062,HMDB0000517,1,Xiaotao
2.56_188.0714m/z,188.0714_2.6,nHILIC,683732.3177,3-Indolepropionic acid,[M-H]-,NA,HMDB0002302,1,Kevin
10.84_476.2778m/z,476.2778_10.8,nRPLC,670703.0651,LysoPE(18:2),[M-H]-,NA,HMDB0011477,2,Kevin
3.09_131.0712m/z,131.0712_3.1,nHILIC,658495.7216,"C6:0,OH FA (Hydroxyhexanoic acid)",[M-H]-,NA,HMDB00409,2,Kevin
6.69_130.0872m/z,130.0872_6.7,nHILIC,641368.8278,L-Leucine,[M-H]-,C00123,HMDB00687,1,Xiaotao
5.98_243.0619m/z,243.0619_6,nHILIC,632510.919,Pseudouridine,[M-H]-,C02067,HMDB0000767,1,Xiaotao
7.52_116.0716m/z,116.0716_7.5,nHILIC,588272.652,L-Valine,[M-H]-,C00183,HMDB0000883,1,Xiaotao
4.78_225.0689n,224.0616_4.8,nHILIC,577461.7003,Androstenediol disulfate,[M-2H]2-,C04295,HMDB03818,1,Xiaotao
5.61_313.2250n,314.2323_5.6,pHILIC,572035.3331,C10:1 AC (Decenoylcarnitine),[M+H]+,NA,HMDB13205,2,Kevin
9.79_369.1739m/z,369.1739_9.8,nRPLC,556032.4708,Androsterone sulfate,[M-H]-,NA,HMDB02759,1,Xiaotao
5.94_263.1033m/z,263.1033_5.9,nHILIC,550705.502,Phenylacetylglutamine,[M-H]-,C04148,HMDB0006344,2,Xiaotao
10.86_500.2779m/z,500.2779_10.9,nRPLC,548247.6653,LysoPE(20:4),[M-H]-,NA,HMDB0011487,2,Kevin
10.88_525.2846n,526.2919_10.9,pRPLC,528019.416,LysoPE(22:6),[M+H]+,NA,HMDB0011496,2,Kevin
7.91_240.0993n,241.1066_7.9,pRPLC,517415.8743,3-carboxy-4-methyl-5-propyl-2-furanpropanoate (CMPF),[M-H]-,NA,HMDB61112,2,Kevin
10.93_104.1069m/z,104.1069_10.9,pRPLC,515941.9944,5-Amino-1-pentanol,[M+H]+,NA,NA,2,Xiaotao
11.32_112.9371m/z,112.9371_11.3,nHILIC,506516.7851,Thiosulfic acid,[M-H]-,NA,HMDB00257,2,Kevin
6.71_203.0824m/z,203.0824_6.7,nHILIC,506495.7748,L-Tryptophan,[M-H]-,C00078,HMDB0000929,1,Xiaotao
11.94_170.0924m/z,170.0924_11.9,pHILIC,504590.4315,3-Methylhistidine,[M+H]+,C01152,HMDB0000479,2,Xiaotao
10.08_118.0270n,117.0197_10.1,nHILIC,501737.1107,Methylmalonic acid|Succinic acid,[M-H]-,C02170|C00042 ,HMDB00202|HMDB00254,1,Xiaotao
10.40_397.2051m/z,397.2051_10.4,nRPLC,486167.7981,(3.beta.)-Allopregnanolone sulfate,[M-H]-,NA,NA,2,Xiaotao
6.71_232.1540m/z,232.154_6.7,pHILIC,479713.3316,C4:0 AC (Butyrylcarnitine|Isobutyryl-L-carnitine),[M+H]+,C02862,HMDB02013,1,Xiaotao
2.84_313.2380m/z,313.238_2.8,nHILIC,470002.6232,"C18:0,DC FA (Octadecanedicarboxylic acid)",[M-H]-,NA,HMDB00782,2,Kevin
10.21_193.0350m/z,193.035_10.2,nHILIC,457895.7011,D-Glucuronic acid,[M-H]-,C00191,HMDB0000127,1,Xiaotao
6.29_246.1698m/z,246.1698_6.3,pHILIC,452913.07,C5:0 AC (2-methylbutyrylcarnitine|isovalerylcarnitine),[M+H]+,NA,HMDB00378|HMDB00688,2,Kevin
7.44_315.2402n,316.2475_7.4,pRPLC,442327.3898,C10:0 AC (Decanoylcarnitine),[M+H]+,NA,HMDB0000651,2,Xiaotao
7.11_132.0245n,133.0318_7.1,pHILIC,440823.6308,L-Methionine,[M+H]+,C00073,HMDB0000696,1,Xiaotao
7.62_160.0968m/z,160.0968_7.6,pHILIC,435964.2453,Betonicine,[M+H]+,C08269,HMDB0029412,1,Xiaotao
5.20_103.0400m/z,103.04_5.2,nHILIC,424243.5257,Hydroxybutyric acid,[M-H]-,C01991,HMDB0000710,1,Xiaotao
9.11_88.0403m/z,88.0403_9.1,nHILIC,417560.6351,L-Alanine,[M-H]-,C00041,HMDB0000161,1,Kevin
6.11_148.0376n,147.0303_6.1,nHILIC,394958.9665,Alpha-Hydroxyisobutyric acid,[M-H]-,NA,HMDB0000729,2,Xiaotao
10.24_211.0697m/z,211.0697_10.2,nHILIC,385789.8328,Pinosylvin,[M-H]-,NA,NA,2,Xiaotao
3.24_179.0587n,178.0514_3.2,nRPLC,378499.0438,Hippuric acid,[M-H]-,C01586,HMDB0000714,2,Xiaotao
11.28_309.2046m/z,309.2046_11.3,nRPLC,354314.0037,"C18:2,DC FA (Octadecadienedicarboxylic acid)",[M-H]-,NA,NA,2,Kevin
11.27_276.1440m/z,276.144_11.3,pHILIC,339538.2292,"C5:0, DC AC (Glutarylcarnitine)",[M+H]+,NA,HMDB13130|,1,Xiaotao
5.51_342.2636m/z,342.2636_5.5,pHILIC,325702.2978,C12:1 AC (Dodecenoylcarnitine),[M+H]+,NA,HMDB13326,1,Kevin
10.21_174.0881m/z,174.0881_10.2,nHILIC,320755.0236,Citrulline,[M-H]-,C00327,HMDB0000904,1,Kevin
4.75_138.0321n,137.0248_4.7,nHILIC,317046.8599,Phenol,[M-H]-,C15584,HMDB0000228,2,Xiaotao
10.05_448.3066m/z,448.3066_10,nRPLC,314596.0609,Glycodeoxycholic acid,[M-H]-,C05464,HMDB0000631,2,Xiaotao
2.77_194.1149n,195.1222_2.8,pRPLC,312817.3291,4-Formyl-antipyrine,[M+H]+,NA,NA,2,Xiaotao
7.40_300.0390m/z,300.039_7.4,nHILIC,307075.0477,N-Acetylglucosamine 6-sulfate,[M-H]-,C04132,HMDB0000814,1,Xiaotao
6.20_136.1027m/z,136.1027_6.2,pRPLC,306206.504,4-Isopropylaniline,[M+H]+,NA,NA,2,Xiaotao
10.48_199.1703m/z,199.1703_10.5,nRPLC,295675.8953,C12:0 FA (Dodecanoic acid),[M-H]-,C02679,HMDB0000638,2,Xiaotao
8.98_179.0559m/z,179.0559_9,nHILIC,286301.4258,Myo-Inositol,[M-H]-,C00137,HMDB0000211,1,Xiaotao
12.37_425.0802m/z,425.0802_12.4,nHILIC,276667.8362,Cysteineglutathione disulfide,[M-H]-,NA,HMDB0000656,1,Xiaotao
1.66_165.0416m/z,165.0416_1.7,nHILIC,276517.6581,7-Methylxanthine,[M-H]-,C16353,HMDB0001991,2,Xiaotao
6.44_304.2116m/z,304.2116_6.4,pHILIC,272936.6948,"C8:0,OH AC",[M+H]+,NA,HMDB61634,1,Xiaotao
8.42_248.1491m/z,248.1491_8.4,pHILIC,272212.1787,"C4:0,OH AC (Hydroxybutyrylcarnitine)",[M+H]+,NA,HMDB13127,1,Xiaotao
11.99_507.3680n,508.3752_12,pRPLC,268014.3401,LysoPC(P-18:0),[M+H]+,C04230,HMDB0013122,2,Kevin
10.97_276.1189m/z,276.1189_11,pHILIC,258866.3434,Gamma-Glutamyl Glutamine,[M+H]+,C05283,HMDB11738,1,Xiaotao
5.41_370.2948m/z,370.2948_5.4,pHILIC,246031.2916,C14:1 AC (Tetradecenoylcarnitine),[M+H]+,NA,HMDB02014,2,Kevin
11.28_478.2933m/z,478.2933_11.3,nRPLC,245132.402,LysoPE(18:1),[M-H]-,NA,HMDB0011475,2,Kevin
13.07_269.2484m/z,269.2484_13.1,nRPLC,238215.6899,C17:0 FA (Heptadecanoic acid),[M-H]-,NA,HMDB0002259,2,Xiaotao
5.51_344.2792m/z,344.2792_5.5,pHILIC,237965.6042,C12:0 AC (Dodecanoylcarnitine),[M+H]+,NA,HMDB0002250,2,Xiaotao
11.34_229.1182m/z,229.1182_11.3,pHILIC,235345.6874,pro-hydroxy-pro,[M+H]+,NA,HMDB06695,1,Xiaotao
12.35_329.2485m/z,329.2485_12.3,nRPLC,234905.2622,C22:5 FA (Docosapentaenoic acid),[M-H]-,C16513,HMDB0006528,2,Xiaotao
10.56_391.2853m/z,391.2853_10.6,nRPLC,230568.7361,Chenodeoxycholate,[M-H]-,C02528,HMDB0000518,2,Xiaotao
7.66_129.0790n,130.0863_7.7,pHILIC,229532.1106,Pipecolic acid,[M+H]+,C00408,HMDB0000070,1,Xiaotao
11.79_241.2172m/z,241.2172_11.8,nRPLC,227587.6929,C15:0 FA (Pentadecanoic acid),[M-H]-,C16537,HMDB00826,2,Kevin
3.75_166.0723m/z,166.0723_3.8,pHILIC,223083.4388,7-methylguanine,[M+H]+,C02242,HMDB0000897,1,Xiaotao
6.20_332.2427m/z,332.2427_6.2,pHILIC,221603.0344,"C10:0,OH AC (Hydroxydecanoyl carnitine)",[M+H]+,NA,HMDB61636,2,Kevin
8.96_131.0348m/z,131.0348_9,nHILIC,217874.6781,Glutaric acid,[M-H]-,C00489,HMDB0000661,2,Xiaotao
8.68_165.0402m/z,165.0402_8.7,nHILIC,213328.8678,Arabonate,[M-H]-,NA,NA,1,Xiaotao
10.68_297.2433m/z,297.2433_10.7,nRPLC,203577.4381,"C18:1,OH FA (Hydroxy-oleic acid)",[M-H]-,NA,NA,1,Xiaotao
11.43_133.0141m/z,133.0141_11.4,nHILIC,200587.6383,L-Malic acid,[M-H]-,C00149,HMDB0000156,2,Xiaotao
5.45_368.2792m/z,368.2792_5.5,pHILIC,195528.3411,C14:2 AC (Tetradecadiencarnitine),[M+H]+,NA,HMDB13331,2,Kevin
11.54_479.3367n,480.344_11.5,pRPLC,194738.1368,LysoPC(P-16:0),[M+H]+,C04230,HMDB0010407,2,Kevin
5.95_481.3165n,482.3238_6,pHILIC,190794.6923,1-pentadecanoyl-2-hydroxy-sn-glycero-3-phosphocholine,[M+H]+,NA,NA,2,Xiaotao
6.03_136.0529n,135.0456_6,nRPLC,188393.4019,2-Methylbenzoic acid,[M-H]-,C07215,HMDB0002340,2,Xiaotao
8.25_105.0192m/z,105.0192_8.2,nHILIC,188379.8055,Glyceric acid,[M-H]-,C00258,HMDB0000139,2,Kevin
7.90_130.0270n,129.0198_7.9,nHILIC,179297.1097,Glutaconic acid,[M-H]-,C02214,HMDB0000620,1,Kevin
13.56_307.2641m/z,307.2641_13.6,nRPLC,178529.0863,C20:2 FA (Eicosadienoic acid),[M-H]-,C16525,HMDB05060,2,Kevin
1.17_183.0535n,182.0462_1.2,nHILIC,177506.6957,4-Pyridoxic acid,[M-H]-,C00847,HMDB0000017,1,Xiaotao
8.28_141.0658m/z,141.0658_8.3,pHILIC,176408.0988,1-Methyl-4-imidazoleacetic acid,[M+H]+,C05828,HMDB0002820,1,Xiaotao
10.40_283.1103m/z,283.1103_10.4,nRPLC,175223.3139,gamma-glutamylhistidine,[M-H]-,NA,HMDB0029151,1,Xiaotao
11.17_570.3546m/z,570.3546_11.2,pRPLC,174517.1809,LysoPC(22:5),[M+H]+,C04230,HMDB0010402,2,Kevin
2.92_407.2796m/z,407.2796_2.9,nHILIC,170061.0356,Cholic Acid,[M-H]-,NA,HMDB0000619,2,Kevin
11.90_132.0301m/z,132.0301_11.9,nHILIC,167870.528,Diglykokoll,[M-H]-,C19911,NA,2,Xiaotao
8.71_191.0559m/z,191.0559_8.7,nHILIC,166629.4271,Quinic acid,[M-H]-,C00296,HMDB0003072,2,Kevin
4.25_128.0101m/z,128.0101_4.3,nHILIC,166084.8767,Cyanuric acid,[M-H]-,C06554,HMDB41861,2,Kevin
10.62_380.2554m/z,380.2554_10.6,pRPLC,162917.9883,C18 Sphingosine 1-phosphate,[M+H]+,C06124,HMDB00277,2,Kevin
11.22_187.0711m/z,187.0711_11.2,pHILIC,161851.1317,2-Methyl-6-phenyl-4H-pyran-4-one,[M+H]+,NA,NA,2,Xiaotao
14.28_188.1394m/z,188.1394_14.3,pHILIC,161497.7638,N6-(1-Iminoethyl)-L-lysine,[M+H]+,NA,NA,2,Xiaotao
7.81_146.0457m/z,146.0457_7.8,nHILIC,159056.6827,N-Acetyl-DL-serine,[M-H]-,NA,NA,1,Xiaotao
11.31_262.1283m/z,262.1283_11.3,pHILIC,153108.7722,"C4:0,DC AC (Succinylcarnitine)",[M+H]+,NA,HMDB61717,1,Xiaotao
6.29_157.0365m/z,157.0365_6.3,nHILIC,152774.6844,Allantoin,[M-H]-,C01551,HMDB0000462,1,Kevin
1.92_99.0375n,98.0302_1.9,nHILIC,149414.1573,5-Acetylamino-6-amino-3-methyluracil,[M-H]-,C16366,HMDB0004400,1,Xiaotao
3.62_238.1406n,239.1479_3.6,pRPLC,143376.7019,Diaveridine,[M+H]+,NA,NA,2,Xiaotao
11.29_304.0904n,303.0831_11.3,nHILIC,141870.3031,N-Acetylaspartylglutamate (NAAG),[M-H]-,NA,HMDB01067,2,Xiaotao
5.91_184.0732m/z,184.0732_5.9,pHILIC,141858.4294,Phosphorylcholine,[M+H]+,C00588,HMDB0001565,2,Xiaotao
9.84_132.0533n,131.0461_9.8,nHILIC,141735.4676,L-Asparagine,[M-H]-,C00152,HMDB0000168,1,Xiaotao
7.58_182.0788n,181.0716_7.6,nHILIC,140613.5101,Sorbitol|Mannitol,[M-H]-,C00794|C00392,HMDB00247|HMDB00765,1,Kevin
4.76_175.0634n,176.0707_4.8,pRPLC,139983.3051,Quinoline,[M+H]+,C06413,HMDB0033731,2,Xiaotao
4.66_151.0260m/z,151.026_4.7,nHILIC,139126.4536,Xanthine,[M-H]-,C00385,HMDB0000292,1,Xiaotao
10.16_309.2070m/z,309.207_10.2,nRPLC,136597.8928,9-Oxo-11-(3-pentyl-2-oxiranyl)-10E-undecenoic acid,[M-H]-,NA,NA,2,Xiaotao
2.72_257.0776m/z,257.0776_2.7,nHILIC,133616.2086,5-methyluridine (ribothymidine),[M-H]-,NA,HMDB00884,1,Kevin
11.62_510.3547m/z,510.3547_11.6,pRPLC,133166.2399,LysoPC(17:0),[M+H]+,C04230,HMDB0012108,2,Kevin
10.47_426.3567m/z,426.3567_10.5,pRPLC,132036.5263,C18:1 AC (Oleoylcarnitine),[M+H]+,NA,HMDB05065,2,Kevin
7.87_101.0243m/z,101.0243_7.9,nHILIC,131873.348,Acetoacetic acid,[M-H]-,C00164,HMDB0000060,2,Xiaotao
10.81_504.3047m/z,504.3047_10.8,pRPLC,130493.068,LysoPE(20:3),[M+H]+,NA,HMDB0011484,2,Kevin
13.52_203.1398m/z,203.1398_13.5,pHILIC,129038.4427,Symmetric dimethylarginine,[M+H]+,NA,HMDB0003334,1,Xiaotao
10.81_225.1859m/z,225.1859_10.8,nRPLC,125222.3149,C14:1 FA (Myristoleic acid),[M-H]-,C08322,HMDB02000,2,Kevin
10.53_132.0300m/z,132.03_10.5,nHILIC,124182.9482,L-Aspartic acid,[M-H]-,C00049,HMDB0000191,1,Kevin
7.52_362.2083n,363.2156_7.5,pRPLC,123986.6291,Hydrocortisone (Cortisol),[M+H]+,NA,HMDB00063,2,Xiaotao
7.98_262.1646m/z,262.1646_8,pHILIC,123413.6495,3-Hydroxyisovaleroylcarnitine,[M+H]+,NA,NA,2,Xiaotao
5.85_583.2546m/z,583.2546_5.9,pHILIC,121610.4339,Biliverdin,[M+H]+,C00500,HMDB0001008,1,Xiaotao
10.24_174.0405m/z,174.0405_10.2,nHILIC,121304.2902,N-Acetyl-L-aspartic acid,[M-H]-,C01042,HMDB0000812,1,Kevin
10.26_353.2290m/z,353.229_10.3,pRPLC,120567.6841,Anileridine,[M+H]+,NA,HMDB0015049,2,Xiaotao
4.81_194.0800n,195.0873_4.8,pRPLC,120211.8218,Caffeine,[M+H]+,C07481,HMDB0001847,1,Xiaotao
7.35_148.0967m/z,148.0967_7.4,pHILIC,119926.5723,Hydroxy-isoleucine|Hydroxy-leucine,[M+H]+,NA,NA,2,Kevin
5.64_256.6377n,255.6304_5.6,nHILIC,116287.2922,Chenodeoxycholic acid 3-sulfate,[M-H]-,NA,HMDB0002586,1,Xiaotao
12.28_274.1405m/z,274.1405_12.3,nHILIC,115823.0794,L-a-glutamyl-L-Lysine,[M-H]-,C04700,HMDB04207,1,Xiaotao
13.20_331.2641m/z,331.2641_13.2,nRPLC,114522.3747,C22:4 FA (Adrenic acid),[M-H]-,C16527,HMDB0002226,2,Xiaotao
7.67_145.0739n,146.0812_7.7,pHILIC,113046.19,Butyrylglycine,[M+H]+,NA,HMDB0000808,1,Xiaotao
11.76_271.2278m/z,271.2278_11.8,nRPLC,112808.1815,"C16:0,OH FA (Hydroxy-hexadecanoic acid)",[M-H]-,NA,HMDB10734,2,Kevin
5.68_312.2166m/z,312.2166_5.7,pHILIC,112122.4545,C10:2 AC (Decadienoylcarnitine),[M+H]+,NA,HMDB13325,2,Kevin
5.14_219.0797m/z,219.0797_5.1,pHILIC,110324.8496,Cys-Pro or Pro-Cys,[M+H]+,NA,NA,1,Xiaotao
9.04_286.1430m/z,286.143_9,pRPLC,110294.3126,Piperine,[M+H]+,C03882,HMDB29377,1,Xiaotao
13.25_276.1551m/z,276.1551_13.2,pHILIC,106151.1673,gamma-glutamyl-epsilon-lysine,[M+H]+,HMDB03869,NA,1,Xiaotao
7.69_179.0793n,180.0866_7.7,pHILIC,105113.4386,Glucosamine|Galactosamine,[M+H]+,C00329,HMDB01514,1,Kevin
10.10_423.3344n,424.3416_10.1,pRPLC,103178.0493,C18:2 AC (Linoleyl carnitine),[M+H]+,NA,HMDB06461,2,Kevin
7.61_364.1210m/z,364.121_7.6,pHILIC,99247.23698,6-(alpha-D-Glucosaminyl)-1D-myo-inositol,[M+Na]+,C15658,HMDB0011668,1,Xiaotao
10.51_333.2048m/z,333.2048_10.5,nRPLC,97866.55658,"13,14-dihydro-15-keto-PGA2",[M-H]-,NA,HMDB0001244,2,Xiaotao
9.73_287.2453n,288.2526_9.7,pRPLC,96213.8693,Lauroyl diethanolamide,[M+H]+,NA,HMDB0032358,2,Kevin
11.28_498.2889m/z,498.2889_11.3,nRPLC,94787.74585,Tauroursodeoxycholic acid,[M-H]-,NA,HMDB0000874,2,Xiaotao
1.43_153.0657m/z,153.0657_1.4,pRPLC,94713.86948,N1-Methyl-2-pyridone-5-carboxamide,[M+H]+,C05842,HMDB04193,1,Xiaotao
8.50_261.0071m/z,261.0071_8.5,nHILIC,94662.9795,Homovanillic acid sulfate,[M-H]-,NA,HMDB0011719,2,Xiaotao
2.55_178.1100n,179.1173_2.6,pHILIC,93917.4636,"2,8-Quinolinediol",[M+H]+,NA,NA,2,Xiaotao
7.42_160.0614m/z,160.0614_7.4,nHILIC,91364.19974,N-acetylthreonine,[M-H]-,NA,HMDB0062557,1,Xiaotao
9.17_258.1830n,257.1757_9.2,nRPLC,89942.19994,"C14:0,DC FA (Tetradecanedioic acid)",[M-H]-,NA,HMDB00872,1,Xiaotao
11.13_204.1113n,203.104_11.1,nHILIC,89234.1213,N6-Methyl-L-lysine,[M-H]-,C02728,HMDB0002038,2,Xiaotao
8.07_777.6924m/z,777.6924_8.1,pRPLC,87812.11912,Thyroxine,[M+H]+,C01829,HMDB0000248,1,Kevin
10.25_174.0169n,173.0096_10.2,nHILIC,84957.13099,Aconitic acid,[M-H]-,C00417,HMDB0000072,1,Kevin
11.81_209.0301m/z,209.0301_11.8,nHILIC,81595.03587,D-Saccharic acid,[M-H]-,C00818,HMDB0000663,2,Xiaotao
1.37_173.0708m/z,173.0708_1.4,pHILIC,78788.93573,"1,4-Cyclohexanedicarboxylic acid",[M+H]+,NA,NA,2,Xiaotao
7.11_181.0365m/z,181.0365_7.1,nHILIC,78621.1196,1-Methyluric acid,[M-H]-,C16359,HMDB0003099,2,Kevin
10.38_223.1702m/z,223.1702_10.4,nRPLC,78029.9709,C14:2 FA (Tetradecadienoic acid),[M-H]-,NA,HMDB00560,2,Kevin
7.93_104.0706m/z,104.0706_7.9,pHILIC,76880.79844,2-Aminobutyrate,[M+H]+,C02356,HMDB0000452,1,Xiaotao
10.39_295.2277m/z,295.2277_10.4,nRPLC,74449.57927,"C18:2,OH FA (Hydroxy-octadecadienoic acid)",[M-H]-,C14826,HMDB04702,1,Xiaotao
2.71_190.0497m/z,190.0497_2.7,pHILIC,73866.07294,Kynurenic acid,[M+H]+,C01717,HMDB0000715,2,Xiaotao
10.63_440.1871n,439.1798_10.6,nRPLC,69747.69523,pregnenolone sulfate,[M-H]-,NA,HMDB0000774,2,Xiaotao
4.75_208.0892n,209.0965_4.8,pRPLC,69572.12171,Benzanthrone,[M+H]+,NA,NA,2,Xiaotao
5.58_302.2322m/z,302.2322_5.6,pHILIC,69200.03342,C9:0 AC (Nonanoylcarnitine),[M+H]+,NA,HMDB13288,2,Kevin
6.24_280.1540m/z,280.154_6.2,pHILIC,67994.90079,C8:4 AC,[M+H]+,NA,NA,1,Xiaotao
3.42_112.0506m/z,112.0506_3.4,pHILIC,65731.63129,Cytosine,[M+H]+,C00380,HMDB0000630,2,Xiaotao
1.15_123.0552m/z,123.0552_1.1,pHILIC,65505.16841,Niacinamide,[M+H]+,C00153,HMDB0001406,1,Xiaotao
1.17_146.0599m/z,146.0599_1.2,pHILIC,63540.96182,4-Hydroxyquinoline,[M+H]+,NA,NA,2,Xiaotao
5.82_478.2934m/z,478.2934_5.8,nHILIC,62999.16157,1-Oleoyl-sn-glycero-3-phosphoethanolamine,[M-H]-,NA,NA,2,Xiaotao
5.37_400.3416m/z,400.3416_5.4,pHILIC,62356.87728,C16:0 AC (Palmitoylcarnitine),[M+H]+,C02990,HMDB00222,1,Xiaotao
3.56_312.1298m/z,312.1298_3.6,pHILIC,61644.79063,"N2,N2-Dimethylguanosine",[M+H]+,NA,HMDB0004824,2,Xiaotao
8.54_143.0815m/z,143.0815_8.5,pHILIC,60874.05642,Ectoine,[M+H]+,C06231,METPA0797,1,Xiaotao
7.65_228.1579n,229.1652_7.7,pHILIC,59423.56824,N-acetyl-methylhistidine,[M+H]+,NA,NA,1,Xiaotao
10.54_499.2689n,500.2762_10.5,pRPLC,59419.85967,LysoPE(20:5),[M+H]+,NA,HMDB0011489,2,Kevin
8.00_185.1182m/z,185.1182_8,nRPLC,58898.67,"C10:1,OH FA (Hydroxy-decenoic acid)",[M-H]-,NA,HMDB39533,2,Kevin
11.16_130.0270n,129.0198_11.2,nHILIC,58665.47957,2-Methylmaleate,[M-H]-,C02226,HMDB0000634,1,Xiaotao
5.68_189.0788n,190.0861_5.7,pRPLC,55123.51647,1H-Indole-3-propanoic acid,[M+H]+,NA,NA,2,Xiaotao
9.96_241.1808m/z,241.1808_10,nRPLC,55075.83714,"C14:1,OH FA (Hydroxy-tetradecenoic acid)",[M-H]-,NA,NA,2,Kevin
2.68_401.2066m/z,401.2066_2.7,pHILIC,54877.62454,Reserpic acid,[M+H]+,NA,NA,2,Kevin
6.27_181.0504m/z,181.0504_6.3,nHILIC,54740.27353,Hydroxyphenyllactic acid,[M-H]-,C03672,HMDB0000755,1,Xiaotao
9.00_119.0583n,120.0656_9,pHILIC,53605.39849,L-Threonine,[M+H]+,C00188,HMDB0000167,1,Xiaotao
8.32_149.0453m/z,149.0453_8.3,nHILIC,53469.62908,Arabinose,[M-H]-,C02479,HMDB0000646,1,Kevin
4.37_172.0404m/z,172.0404_4.4,nRPLC,53119.41396,8-Hydroxyquinoline-2-carbaldehyde,[M-H]-,NA,NA,2,Xiaotao
6.35_191.0580n,192.0653_6.4,pHILIC,51635.77009,L-Kynurenine,[M+H]+,C00328,HMDB0000684,1,Xiaotao
9.33_150.0228m/z,150.0228_9.3,nHILIC,51501.75258,S-Methylcysteine sulfoxide,[M-H]-,NA,HMDB0029432,1,Xiaotao
5.44_372.3104m/z,372.3104_5.4,pHILIC,51272.65238,C14:0 AC (Tetradecanoylcarnitine),[M+H]+,NA,HMDB05066,1,Kevin
5.37_398.3260m/z,398.326_5.4,pHILIC,51054.61257,C16:1 AC (Hexadecenoyl carnitine),[M+H]+,NA,HMDB06317,2,Kevin
4.03_138.0320n,137.0247_4,nRPLC,50719.15772,3-Hydroxybenzoic acid,[M-H]-,C00587,HMDB0002466,2,Xiaotao
11.04_251.2016m/z,251.2016_11,nRPLC,49983.09972,C16:2 FA (Hexadecadienoic acid),[M-H]-,NA,HMDB00477,2,Kevin
5.48_309.1929n,310.2002_5.5,pRPLC,48642.57369,C10:3 AC (Decatrenoylcarnitine),[M+H]+,NA,NA,2,Kevin
5.85_541.3163n,542.3235_5.8,pHILIC,47175.02596,LysoPC(20:5),[M+H]+,C04230,HMDB0010397,2,Kevin
11.74_548.3698m/z,548.3698_11.7,pRPLC,47093.9186,LysoPC(20:2),[M+H]+,C04230,HMDB0010392,2,Kevin
1.76_188.0022m/z,188.0022_1.8,nHILIC,47061.11443,2-Aminophenol sulfate,[M-H]-,HMDB61116,NA,1,Xiaotao
2.46_261.1437m/z,261.1437_2.5,pRPLC,46991.1806,gamma-glutamyl-L-isoleucine |gamma-glutamyl-L-leucine,[M+H]+,NA,HMDB11170|HMDB11171,1,Kevin
6.24_124.9913m/z,124.9913_6.2,nHILIC,46502.20966,2-Hydroxyethanesulfonate,[M-H]-,C05123,HMDB0003903,1,Xiaotao
5.44_330.2635m/z,330.2635_5.4,pHILIC,46448.96104,C11:0 AC (Undecanoylcarnitine),[M+H]+,NA,HMDB13321,2,Kevin
7.34_177.0337m/z,177.0337_7.3,nHILIC,45931.05064,Cysteinylglycine,[M-H]-,C01419,HMDB0000078,2,Kevin
7.73_138.0229m/z,138.0229_7.7,nHILIC,45881.76838,3-Aminopropanesulphonic Acid,[M-H]-,C03349,NA,2,Xiaotao
7.04_195.0535n,194.0462_7,nHILIC,45866.51576,Hydroxyhippurate,[M-H]-,NA,NA,1,Xiaotao
8.36_241.1444m/z,241.1444_8.4,nRPLC,45583.12612,"C13:1,DC FA (Tridecenedioic acid)",[M-H]-,NA,NA,2,Kevin
9.25_75.0684n,76.0757_9.3,pHILIC,45430.56277,Trimethylamine N-oxide (TMAO),[M+H]+,"	C01104",HMDB00925,1,Kevin
9.99_198.1619n,197.1546_10,nRPLC,44922.96944,C12:1 FA (Dodecenoic acid),[M-H]-,NA,HMDB00529,2,Kevin
5.89_386.2898m/z,386.2898_5.9,pHILIC,43333.91728,"C14:1,OH AC (Hydroxy-tetradecenoylcarnitine)",[M+H]+,NA,HMDB13330,2,Kevin
6.48_244.1542m/z,244.1542_6.5,pHILIC,42785.16453,C5:1 AC (Tiglylcarnitine),[M+H]+,NA,HMDB02366,1,Xiaotao
9.47_183.1389m/z,183.1389_9.5,nRPLC,42782.01541,C11:1 FA (Undecenoic acid),[M-H]-,C13910,HMDB33724,2,Kevin
10.54_214.0484m/z,214.0484_10.5,nHILIC,42705.09024,sn-Glycerol 3-phosphoethanolamine,[M-H]-,NA,HMDB59660,2,Xiaotao
8.37_229.1443m/z,229.1443_8.4,nRPLC,42561.76108,"C12:0,DC FA (Dodecanedicarboxylic acid)",[M-H]-,C02678,HMDB0000623,2,Xiaotao
4.76_163.0632n,164.0705_4.8,pRPLC,42321.11022,3-Formylindole,[M+H]+,C08493,HMDB0029737,2,Xiaotao
8.93_130.0508m/z,130.0508_8.9,nHILIC,41899.53723,L-Hydroxyproline,[M-H]-,C01157,HMDB0000725,1,Xiaotao
8.96_169.1233m/z,169.1233_9,nRPLC,41557.39213,C10:1 FA (Decenoic acid),[M-H]-,NA,HMDB41012,2,Kevin
3.82_259.1776n,260.1849_3.8,pRPLC,41406.71637,C6:0 AC (Hexanoyl-L-carnitine),[M+H]+,NA,HMDB00705,1,Xiaotao
9.53_301.2974n,302.3047_9.5,pRPLC,41188.16872,Sphinganine,[M+H]+,C00836,HMDB0000269,1,Kevin
8.37_269.1240m/z,269.124_8.4,pHILIC,41008.61553,Acetylcarnosine,[M+H]+,NA,HMDB0012881,1,Xiaotao
4.75_144.0453m/z,144.0453_4.8,nRPLC,40648.43,Indole-3-carboxaldehyde,[M-H]-,C00294,HMDB0000195,2,Xiaotao
11.20_506.3249m/z,506.3249_11.2,nRPLC,39977.75534,LysoPE(20:1),[M-H]-,NA,HMDB0011482,2,Kevin
10.26_285.2069m/z,285.2069_10.3,nRPLC,39162.83998,"C16:0,DC FA (Hexadecanedicarboxylic acid)",[M-H]-,C19615,HMDB00672,2,Kevin
9.41_173.0297m/z,173.0297_9.4,pHILIC,37749.39987,p-Toluenesulfonic acid,[M+H]+,NA,HMDB59933,2,Xiaotao
4.52_175.0637n,174.0564_4.5,nHILIC,36680.18208,Indoleacetic acid,[M-H]-,C00954,HMDB0000197,1,Xiaotao
8.79_255.1601m/z,255.1601_8.8,nRPLC,36428.42196,"C14:2,2OH FA (Dihydro-tetradecadienoic acid)",[M-H]-,NA,NA,2,Kevin
11.01_290.1599m/z,290.1599_11,pHILIC,35275.15823,"C6:0,DC AC (Adipoylcarnitine)",[M+H]+,NA,HMDB61677,1,Xiaotao
1.13_141.0920m/z,141.092_1.1,nHILIC,35052.84353,2-Propyl-4-pentenoic acid,[M-H]-,NA,NA,2,Xiaotao
6.73_218.1031m/z,218.1031_6.7,nHILIC,34112.40627,Pantothenic acid,[M-H]-,C00864,HMDB0000210,1,Xiaotao
5.32_268.0250n,267.0177_5.3,nHILIC,33556.29678,Dihydroxyphenylglycol sulfate,[M-H]-,HMDB01474,NA,1,Xiaotao
5.39_213.1085m/z,213.1085_5.4,pHILIC,32991.2064,Harmine,[M+H]+,C06538,HMDB0030311,2,Xiaotao
8.80_213.1496m/z,213.1496_8.8,nRPLC,32771.57528,"C12:1, OH FA (Hydroxy-dodecenoic acid)",[M-H]-,NA,NA,2,Kevin
10.22_145.0504m/z,145.0504_10.2,nHILIC,31442.21771,"C6:0,DC FA (Adipic acid)",[M-H]-,NA,HMDB00448,2,Kevin
5.74_149.0606m/z,149.0606_5.7,nRPLC,31293.18,"2,3-Dimethylbenzoic acid",[M-H]-,NA,NA,2,Xiaotao
5.37_204.0664m/z,204.0664_5.4,nHILIC,30760.06158,Indolelactic acid,[M-H]-,C02043,HMDB0000671,1,Xiaotao
6.19_258.1697m/z,258.1697_6.2,pHILIC,30487.22193,C6:1 AC (Hexenoylcarnitine),[M+H]+,NA,HMDB13161,1,Xiaotao
11.07_526.2935m/z,526.2935_11.1,nRPLC,29836.34421,LysoPE(22:5),[M-H]-,NA,HMDB0011494,2,Kevin
7.85_173.0565m/z,173.0565_7.8,nHILIC,29557.90733,N-Acetylasparagine,[M-H]-,NA,NA,1,Xiaotao
7.63_227.1288m/z,227.1288_7.6,nRPLC,29543.85,"C12:1,DC FA (Traumatic acid)",[M-H]-,C16308,HMDB00933,2,Kevin
4.90_87.0087m/z,87.0087_4.9,nHILIC,28674.14788,Pyruvic acid,[M-H]-,C00022,HMDB0000243,1,Xiaotao
10.21_315.2538m/z,315.2538_10.2,nRPLC,28267.49845,MG(15:0),[M-H]-,NA,HMDB11532,2,Kevin
6.03_360.2741m/z,360.2741_6,pHILIC,28058.60158,"C12:0,OH AC (Hydroxydodecanoylcarnitine)",[M+H]+,NA,HMDB13164,1,Xiaotao
5.50_153.1224m/z,153.1224_5.5,pHILIC,27840.04441,Camphor,[M+H]+,NA,HMDB59838,2,Xiaotao
8.00_187.0722m/z,187.0722_8,nHILIC,27709.78123,N-Acetylglutamine,[M-H]-,NA,HMDB0006029,1,Xiaotao
5.41_205.1313n,206.1386_5.4,pHILIC,27523.42616,DL-2-Aminooctanoic acid,[M+H]+,NA,HMDB0000991,2,Xiaotao
9.46_239.1652m/z,239.1652_9.5,nRPLC,27356.49471,"C14:2,OH FA (Hydroxy-tetradecadienoic acid)",[M-H]-,NA,NA,2,Kevin
1.97_167.0562m/z,167.0562_2,pRPLC,26356.46091,1-Methylxanthine,[M+H]+,C16358,HMDB0010738,1,Xiaotao
6.26_266.1384m/z,266.1384_6.3,pHILIC,25873.88215,C7:4 AC (Benzoylcarnitine),[M+H]+,NA,NA,1,Xiaotao
8.28_187.0974m/z,187.0974_8.3,nHILIC,25031.65785,Azelaic Acid,[M-H]-,C08261,HMDB0000784,1,Xiaotao
11.16_239.2016m/z,239.2016_11.2,nRPLC,24695.88644,C15:1 FA (Pentadecenoic acid),[M-H]-,NA,HMDB29765,2,Kevin
10.44_211.1703m/z,211.1703_10.4,nRPLC,24685.69791,C13:1 FA (Tridecenoic acid),[M-H]-,NA,NA,2,Kevin
6.34_94.0651m/z,94.0651_6.3,pHILIC,24351.54682,Aniline,[M+H]+,C00292,HMDB0003012,1,Xiaotao
6.45_218.1183m/z,218.1183_6.4,pHILIC,24230.20928,Securinine,[M+H]+,C10614,NA,2,Xiaotao
7.76_75.0087m/z,75.0087_7.8,nHILIC,24182.16467,Glycolic acid,[M-H]-,C03547,HMDB0000115,2,Xiaotao
5.82_550.3867m/z,550.3867_5.8,pHILIC,23887.64515,LysoPC(20:1),[M+H]+,C04230,HMDB0010391,2,Kevin
6.16_159.1025m/z,159.1025_6.2,nRPLC,23765.814,"C8:0,OH FA (Hydroxyoctanoic acid)",[M-H]-,NA,HMDB00486,2,Kevin
5.80_572.3707m/z,572.3707_5.8,pHILIC,23613.91433,LysoPC(22:4),[M+H]+,C04230,HMDB0010401,2,Kevin
10.87_213.1860m/z,213.186_10.9,nRPLC,23121.02113,Tridecanoic acid (Tridecylic acid),[M-H]-,NA,HMDB00910,2,Xiaotao
11.92_203.0672m/z,203.0672_11.9,nHILIC,23099.21135,Gly-Glu,[M-H]-,NA,HMDB0028840,2,Kevin
7.16_361.1391m/z,361.1391_7.2,pHILIC,22866.41194,Dityrosine,[M+H]+,NA,HMDB0006045,1,Xiaotao
6.65_597.3047m/z,597.3047_6.7,nHILIC,22637.15655,LysoPI(18:1),[M-H]-,NA,HMDB61693,2,Kevin
7.03_119.0348m/z,119.0348_7,nHILIC,22398.77011,C4:2 FA (Dihydroxybutyric acid),[M-H]-,NA,HMDB00337,2,Kevin
7.56_116.0353m/z,116.0353_7.6,nHILIC,22291.74841,Acetylglycine,[M-H]-,NA,HMDB0000532,1,Kevin
9.65_195.1390m/z,195.139_9.7,nRPLC,21747.79733,C12:2 FA (Dodecadienoic acid),[M-H]-,NA,NA,2,Kevin
2.95_201.1131m/z,201.1131_3,nHILIC,21688.28527,"C10:0,DC FA (Sebacic acid)",[M-H]-,C08277,HMDB00792,2,Kevin
11.10_476.2740m/z,476.274_11.1,pRPLC,21613.5448,LysoPE(18:3),[M+H]+,NA,HMDB0011478,2,Kevin
16.73_325.1598m/z,325.1598_16.7,pHILIC,20812.95627,Galactosylhydroxylysine,[M+H]+,C05547,HMDB0000600,1,Xiaotao
8.46_189.1232m/z,189.1232_8.5,pHILIC,19813.58098,N6-Acetyl-L-lysine,[M+H]+,C02727,HMDB0000206,1,Xiaotao
8.37_243.0176m/z,243.0176_8.4,nHILIC,19807.77811,L-Fucose-1-phosphate,[M-H]-,NA,HMDB01265,2,Xiaotao
4.36_352.1645m/z,352.1645_4.4,pRPLC,19469.98384,Phenylalanyl-Tryptophan,[M+H]+,NA,HMDB0029006,2,Kevin
5.93_388.3053m/z,388.3053_5.9,pHILIC,19343.86822,"C14:0,OH AC (Hydroxy-myristoylcarnitine)",[M+H]+,NA,HMDB13166,2,Kevin
13.16_204.1341m/z,204.1341_13.2,pHILIC,19067.57185,Gly-Lys or Lys-Gly,[M+H]+,NA,NA,1,Xiaotao
13.40_439.3788m/z,439.3788_13.4,nRPLC,19042.36021,MG(24:1),[M-H]-,NA,HMDB0011559,2,Kevin
7.31_127.0500m/z,127.05_7.3,pHILIC,18879.0682,4-Imidazoleacetic acid,[M+H]+,C02835,HMDB0002024,1,Kevin
2.88_268.1037m/z,268.1037_2.9,pHILIC,18834.00417,Adenosine,[M+H]+,C00212,HMDB0000050,1,Kevin
8.00_333.2069m/z,333.2069_8,nRPLC,18421.95033,"C20:4,DC FA",[M-H]-,NA,NA,1,Xiaotao
6.74_128.0716m/z,128.0716_6.7,nHILIC,18305.98979,N-methylproline,[M-H]-,NA,HMDB0094704,1,Xiaotao
11.33_377.2693m/z,377.2693_11.3,nRPLC,17295.82729,MG(20:4),[M-H]-,C13856,HMDB04666,2,Kevin
11.01_248.1128m/z,248.1128_11,pHILIC,17266.26258,"C3:0,DC AC (Malonylcarnitine)",[M+H]+,NA,HMDB02095,2,Kevin
7.71_158.0331n,157.0258_7.7,nHILIC,16996.25837,Dihydroorotic acid,[M-H]-,C00337,HMDB03349,1,Kevin
1.47_120.0556m/z,120.0556_1.5,pHILIC,16900.97058,1H-Benzotriazole,[M+H]+,NA,NA,2,Xiaotao
1.14_109.0527n,110.06_1.1,pHILIC,16886.65305,Nicotinyl,[M+H]+,D01789,NA,2,Xiaotao
3.98_166.0629n,165.0556_4,nRPLC,16838.66853,Phenyllactic acid|Dihydro-coumaric acid,[M-H]-,C05607|C11457,HMDB00563|,2,Kevin
11.14_364.2616n,363.2544_11.1,nRPLC,16699.69254,"C22:4,2OH FA  (Dihydro-docosatetraenoic acid)",[M-H]-,NA,NA,2,Kevin
11.89_212.0430m/z,212.043_11.9,pHILIC,16512.9078,Phosphocreatine,[M-H]-,C02305,HMDB0001511,2,Kevin
3.58_113.0549m/z,113.0549_3.6,nHILIC,16460.67334,3-Methyl-4-pentenoic acid,[M-H]-,NA,NA,2,Xiaotao
8.15_287.0518m/z,287.0518_8.1,nHILIC,16379.73994,Orotidine,[M-H]-,C01103,HMDB0000788,1,Xiaotao
3.70_165.0192m/z,165.0192_3.7,nRPLC,16032.49742,Phthalic acid,[M-H]-,C01606,HMDB0002107,2,Xiaotao
5.89_152.0704m/z,152.0704_5.9,pHILIC,15942.66595,Paracetamol,[M+H]+,C06804,HMDB0001859,2,Xiaotao
8.61_354.1523n,355.1596_8.6,pHILIC,15606.10515,Riboflavin,[M+H]+,C00255,HMDB0000244,2,Xiaotao
10.78_528.3086m/z,528.3086_10.8,nRPLC,15395.10406,LysoPE(22:4),[M-H]-,NA,HMDB0011493,2,Kevin
8.00_215.1155n,216.1228_8,pHILIC,15192.76881,C3:1 AC (Propenoylcarnitine),[M+H]+,NA,HMDB13124,2,Kevin
5.38_197.0818m/z,197.0818_5.4,nRPLC,14901.03,"C10:2,DC FA (Decadienedioic acid)",[M-H]-,NA,NA,2,Kevin
10.21_267.1965m/z,267.1965_10.2,nRPLC,14758.73667,"C16:2,OH FA (Hydroxy-hexadecadienoic acid)",[M-H]-,NA,NA,2,Kevin
0.96_185.1546m/z,185.1546_1,nHILIC,14498.5793,C11:0 FA (Undecanoic acid),[M-H]-,C17715,HMDB00947,2,Kevin
9.30_346.2138n,347.2211_9.3,pRPLC,14149.49249,Corticosterone,[M+H]+,C02140,HMDB0001547,2,Kevin
8.19_190.0481n,189.0408_8.2,nHILIC,13889.6902,"2,2-Dimethylsuccinic acid",[M-H]-,NA,HMDB0002074,2,Xiaotao
5.20_205.0743n,204.067_5.2,nRPLC,13705.04166,N-Cinnamoylglycine,[M-H]-,NA,HMDB0011621,2,Xiaotao
10.80_160.0614m/z,160.0614_10.8,nHILIC,12506.98548,Aminoadipic acid,[M-H]-,C00956,HMDB0000510,1,Xiaotao
5.92_384.2741m/z,384.2741_5.9,pHILIC,12361.1109,"C14:2,OH AC (Hydroxy-tetradecadiencarnitine)",[M+H]+,NA,HMDB13332,2,Kevin
10.09_293.2122m/z,293.2122_10.1,nRPLC,12189.59143,"C18:3,OH FA (Hydroxylinolenic acid)",[M-H]-,NA,HMDB11108,2,Kevin
5.87_412.3054m/z,412.3054_5.9,pHILIC,11864.97904,"C16:2,OH AC (Hydroxy-hexadecadienoylcarnitine)",[M+H]+,NA,HMDB13335,2,Kevin
8.40_164.0841n,163.0768_8.4,nRPLC,11479.27019,Phenylbutyric acid,[M-H]-,NA,HMDB00329,2,Kevin
11.45_437.2897n,438.297_11.4,pRPLC,11171.99935,LysoPE(P-16:0),[M+H]+,NA,HMDB11152,2,Kevin
6.28_199.0975m/z,199.0975_6.3,nRPLC,10558.42,"C10:1,DC FA (Decenedicarboxylic acid)",[M-H]-,NA,HMDB00603,2,Kevin
8.28_167.1076m/z,167.1076_8.3,nRPLC,10502.35253,C10:2 FA (Decadienoic acid),[M-H]-,NA,NA,2,Kevin
5.93_87.0451m/z,87.0451_5.9,nHILIC,10426.08165,Butanoic acid,[M-H]-,C00246,HMDB0000039,2,Xiaotao
8.20_120.0124m/z,120.0124_8.2,nHILIC,10405.33825,L-Cysteine,[M-H]-,C00097,HMDB0000574,1,Xiaotao
0.72_113.0345m/z,113.0345_0.7,pRPLC,9772.107105,Uracil,[M+H]+,C00106,HMDB0000300,2,Kevin
9.24_405.2638m/z,405.2638_9.2,nRPLC,9603.513857,Dehydrocholic acid,[M-H]-,NA,HMDB00502,2,Kevin
8.36_263.1265m/z,263.1265_8.4,nRPLC,9389.56596,gamma-CEHC,[M-H]-,NA,HMDB0001931,2,Kevin
2.05_219.1104n,220.1177_2,pRPLC,9297.36855,Pantothenic acid (Vitamin B5),[M+H]+,C00864,HMDB00210,1,Kevin
10.69_236.1773n,235.17_10.7,nRPLC,9291.523648,C15:3 FA (Pentadecatrienoic acid),[M-H]-,NA,NA,2,Kevin
4.57_230.0125m/z,230.0125_4.6,nRPLC,9162.179,Acetaminophen sulfate,[M-H]-,C05411,HMDB0060256,2,Xiaotao
16.36_163.1075m/z,163.1075_16.4,pHILIC,9088.313535,Hydroxylysine,[M+H]+,C16741,HMDB0000450,2,Kevin
8.88_247.1400m/z,247.14_8.9,pHILIC,8730.344766,N2-(Carboxyethyl)-L-Arginine,[M+H]+,C06655,NA,1,Xiaotao
9.95_237.1495m/z,237.1495_10,nRPLC,8129.788483,"C14:3,OH FA (Hydroxy-tetradecatrienoic acid)",[M-H]-,NA,NA,2,Kevin
9.75_110.0721m/z,110.0721_9.7,nHILIC,8032.387356,Histamine,[M-H]-,C00388,HMDB0000870,2,Xiaotao
4.01_195.0535n,194.0462_4,nRPLC,7938.011815,Salicyluric acid,[M-H]-,C07588,HMDB0000840,2,Xiaotao
6.17_151.0610m/z,151.061_6.2,nHILIC,7911.752582,Arabitol,[M-H]-,C01904,HMDB0000568,1,Xiaotao
9.33_132.0665m/z,132.0665_9.3,nHILIC,7520.13209,L-beta-Homothreonine,[M-H]-,NA,NA,2,Xiaotao
5.85_414.3211m/z,414.3211_5.8,pHILIC,6846.576381,"C16:1,OH AC (Hydroxyhexadecenoyl carnitine)",[M+H]+,NA,HMDB13333,2,Kevin
8.99_215.1652m/z,215.1652_9,nRPLC,6341.267243,"C12:0,OH FA (Hydroxydodecanoic acid)",[M-H]-,NA,HMDB00387,2,Kevin
10.38_173.0929m/z,173.0929_10.4,nHILIC,5960.2062,N-alpha-acetyl-L-ornithine,[M-H]-,NA,NA,1,Xiaotao
3.70_159.0661m/z,159.0661_3.7,nRPLC,5842.983646,"C7:0,DC FA (Pimelic acid|Methyladipic acid)",[M-H]-,NA,NA,2,Kevin
5.47_145.0869m/z,145.0869_5.5,nRPLC,5498.24983,"C7:0,OH FA (Hydroxyheptanoic acid)",[M-H]-,NA,NA,2,Kevin
4.01_101.0607m/z,101.0607_4,nRPLC,5374.571,C5:0 FA (Isovaleric acid|Valeric acid),[M-H]-,C08262|C00803,HMDB00718|HMDB00892,2,Kevin
12.32_222.0671n,223.0743_12.3,pHILIC,5010.740338,L-Cystathionine,[M+H]+,C02291,HMDB0000099,1,Kevin
11.10_211.1339m/z,211.1339_11.1,nRPLC,4959.686017,"C12:2,OH FA (Hydro-dodecadienoic acid)",[M-H]-,NA,NA,2,Kevin
8.05_95.0604m/z,95.0604_8,pHILIC,4661.281596,2-Aminopyridine,[M+H]+,NA,NA,2,Xiaotao
10.36_265.2171m/z,265.2171_10.4,nRPLC,4532.957808,C17:2 FA (Heptadecadienoic acid),[M-H]-,NA,NA,2,Kevin
9.36_365.1569m/z,365.1569_9.4,pHILIC,4286.8471,MMV659004,[M+H]+,NA,NA,2,Xiaotao
6.52_245.1393m/z,245.1393_6.5,nRPLC,4206.019,"C12:0,OH DC FA (Hydroxydodecanedioic acid)",[M-H]-,NA,HMDB00413,2,Kevin
8.54_243.1600m/z,243.16_8.5,nRPLC,4082.587052,"C13:0,DC FA (Undecanedicarboxylic acid)",[M-H]-,NA,HMDB02327,2,Kevin
3.55_134.0599m/z,134.0599_3.6,pHILIC,3957.214148,Oxindole,[M+H]+,C03045,HMDB0062549,2,Kevin
4.40_121.0505m/z,121.0505_4.4,nHILIC,3901.702299,Erythritol,[M-H]-,C00503,HMDB0002994,1,Xiaotao
8.08_145.0851n,146.0924_8.1,pHILIC,3899.359559,4-Guanidinobutanoic acid,[M+H]+,C01035,HMDB0003464,1,Kevin
9.75_249.1857m/z,249.1857_9.8,nRPLC,3795.861643,C16:3 FA (Hexadecatrienoic acid),[M-H]-,NA,NA,2,Kevin
11.19_321.2433m/z,321.2433_11.2,nRPLC,3459.733277,"C20:3,OH FA (Hydroxy-eicosatrienoic acid)",[M-H]-,NA,HMDB05045,2,Kevin
5.78_442.3526m/z,442.3526_5.8,pHILIC,2998.117847,"C18:1,OH AC (Hydroxyoleoylcarnitine)",[M+H]+,NA,HMDB13339,2,Kevin
11.83_355.2851m/z,355.2851_11.8,nRPLC,2978.92749,MG(18:1),[M-H]-,NA,HMDB0011536,2,Kevin
11.77_149.0090m/z,149.009_11.8,nHILIC,2946.188934,Tartaric acid,[M-H]-,C00898,HMDB0000956,1,Kevin
9.34_118.0612m/z,118.0612_9.3,pHILIC,2942.63476,Guanidoacetic acid,[M+H]+,C00581,HMDB0000128,1,Kevin
5.18_217.1078m/z,217.1078_5.2,nRPLC,2719.13,"C10:0,OH DC FA (Hydroxysebacic acid)",[M-H]-,NA,HMDB00350,2,Kevin
4.99_190.0544m/z,190.0544_5,nHILIC,2703.639385,N-Acetyl-L-methionine,[M-H]-,C02712,HMDB0011745,2,Kevin
6.71_174.0501m/z,174.0501_6.7,pHILIC,2673.839279,4-Quinolinecarboxylic acid,[M+H]+,NA,NA,2,Xiaotao
16.17_203.1503m/z,203.1503_16.2,pHILIC,2513.693627,Assymetrical dimethylarginine,[M+H]+,NA,NA,2,Xiaotao
9.00_330.2405n,329.2332_9,nRPLC,2486.854457,"C18:1,3OH FA (Trihydroxy-octadecenoic acid)",[M-H]-,C14835,HMDB04710,2,Kevin
5.57_172.1332m/z,172.1332_5.6,pHILIC,2362.610975,Gabapentin,[M+H]+,NA,HMDB0005015,1,Xiaotao
6.75_187.1338m/z,187.1338_6.8,nRPLC,2346.92422,"C10:0,OH FA (Hydroxycapric acid)",[M-H]-,NA,HMDB02203,1,Kevin
8.48_190.1186m/z,190.1186_8.5,pHILIC,2294.197861,Homocitrulline,[M+H]+,C02427,HMDB0000679,2,Kevin
5.32_428.3729m/z,428.3729_5.3,pHILIC,2126.259513,C18:0 AC (Stearoylcarnitine),[M+H]+,NA,HMDB00848,2,Kevin
9.23_230.0956m/z,230.0956_9.2,pHILIC,2096.192719,Ergothioneine,[M+H]+,C05570,HMDB0003045,2,Kevin
10.82_319.2293m/z,319.2293_10.8,nRPLC,2032.795206,"C20:4,OH FA (HETE)",[M-H]-,C04805 ,HMDB11134,2,Kevin
8.10_255.0974m/z,255.0974_8.1,pHILIC,2002.888369,Nicotinamide riboside,[M+H]+,C03150,HMDB0000855,2,Kevin
13.80_244.1653m/z,244.1653_13.8,pHILIC,1660.835578,Pro-Lys,[M+H]+,NA,HMDB0029022,2,Kevin
4.57_172.0978m/z,172.0978_4.6,nHILIC,1573.282693,N-Acetylleucine|N-Acetylisoleucine,[M-H]-,|C02710,HMDB11756|HMDB61684,1,Kevin
2.20_134.0472m/z,134.0472_2.2,nHILIC,1346.311545,Adenine,[M-H]-,C00147,HMDB0000034,1,Kevin
8.69_132.0666m/z,132.0666_8.7,nHILIC,1100.765414,N-Acetyl-L-alanine,[M+H]+,NA,HMDB0000766,1,Kevin
6.66_155.0096m/z,155.0096_6.7,nHILIC,511.37038,Orotic Acid,[M-H]-,C00295,HMDB0000226,1,Kevin
8.44_169.0503m/z,169.0503_8.4,nHILIC,473.0740541,"DL-3,4-Dihydroxyphenyl glycol",[M-H]-,C05576,HMDB00318,2,Kevin
10.23_315.2287m/z,315.2287_10.2,pRPLC,438.7760487,Progesterone,[M+H]+,C00410,HMDB0001830,2,Kevin
10.93_257.2120m/z,257.212_10.9,nRPLC,371.0240759,"C15:0,OH FA (Hydroxy-pentadecanoic acid)",[M-H]-,NA,NA,2,Kevin
8.05_327.0951n,326.0878_8,nHILIC,290.567214,Acetaminophen glucuronide,[M-H]-,NA,HMDB0010316,2,Xiaotao
6.34_156.0791n,155.0718_6.3,nRPLC,161.9103906,"C8:2,OH FA (Hydroxy-octadienoic acid)",[M-H]-,NA,HMDB31101,2,Kevin
5.45_263.1391m/z,263.1391_5.5,pHILIC,151.4509446,Prolylphenylalanine,[M+H]+,NA,HMDB0011179,2,Kevin
4.82_338.1498m/z,338.1498_4.8,pHILIC,19.99525398,Zolpidem phenyl-4-carboxylic acid,[M+H]+,NA,NA,2,Xiaotao
10.52_237.1860m/z,237.186_10.5,nRPLC,NA,C15:2 FA (Pentadecadienoic acid),[M-H]-,NA,NA,2,Kevin
5.86_416.3369m/z,416.3369_5.9,pHILIC,NA,"C16:0,OH AC (Hydroxyhexadecanoyl carnitine)",[M+H]+,NA,HMDB0061642,2,Kevin
5.37_422.3260m/z,422.326_5.4,pHILIC,NA,C18:3 AC (Linolenyl carnitine),[M+H]+,NA,HMDB0006318,2,Kevin
0.96_311.2951m/z,311.2951_1,nHILIC,NA,C20:0 FA (Arachidic acid),[M-H]-,C06425,HMDB02212,2,Kevin
0.96_309.2795m/z,309.2795_1,nHILIC,NA,C20:1 FA (Eicosenoic acid),[M-H]-,C16526,HMDB02231,2,Kevin
12.50_305.2484m/z,305.2484_12.5,nRPLC,NA,C20:3 FA (Eicosatrienoic acid),[M-H]-,C03242,HMDB02925,2,Kevin
11.39_301.2170m/z,301.217_11.4,nRPLC,NA,C20:5 FA (Eicosapentaenoic acid),[M-H]-,C06428,HMDB01999,2,Kevin
7.98_115.0633n,116.0706_8,pHILIC,NA,L-Proline,[M+H]+,C00148,HMDB0000162,2,Xiaotao
6.09_246.0765n,247.0837_6.1,pHILIC,3942509.642,"3-(6,7-dimethoxy-2H-1,3-benzodioxol-5-yl)oxirane-2-carboxylic acid",[M+H]+,NA,HMDB0128678,3,Xiaotao
12.76_133.0972m/z,133.0972_12.8,pHILIC,1972094.112,Ornithine,[M+H]+,C00077,HMDB0000214,3,Xiaotao
11.34_160.1332m/z,160.1332_11.3,pHILIC,1374318.95,"N,N,N-trimethyl-5-aminovalerate",[M+H]+,NA,NA,3,Kevin
7.76_122.0812m/z,122.0812_7.8,pHILIC,556806.9232,Tromethamine,[M+H]+,C07182,HMDB0240288,3,Xiaotao
9.20_156.0420m/z,156.042_9.2,pHILIC,420925.6507,N-Methylethanolaminium phosphate,[M+H]+,C01210,HMDB0060173,3,Xiaotao
7.46_72.0808m/z,72.0808_7.5,pHILIC,374911.1446,Pyrrolidine,[M+H]+,NA,HMDB0031641,3,Xiaotao
10.61_336.0869m/z,336.0869_10.6,pHILIC,259271.1644,Oxonantenine,[M+H]+,NA,HMDB0033367,3,Xiaotao
10.60_205.1181m/z,205.1181_10.6,pHILIC,238311.3261,N6-Carboxymethyllysine,[M+H]+,NA,HMDB0240347,3,Kevin
13.82_217.1546m/z,217.1546_13.8,pHILIC,221661.9873,Acetyldimethyllysine,[M+H]+,NA,NA,3,Kevin
12.31_245.1858m/z,245.1858_12.3,pHILIC,204306.8411,Leucylleucine,[M+H]+,C11332,HMDB0028933,3,Xiaotao
2.49_379.1781n,380.1853_2.5,pHILIC,124883.7101,"[(5-oxo-1,7-diphenylheptan-2-yl)oxy]sulfonic acid",[M+H]+,NA,HMDB0134656,3,Xiaotao
11.72_429.0212m/z,429.0212_11.7,pHILIC,124448.2738,IDP,[M+H]+,C00104,HMDB0003335,3,Xiaotao
12.74_231.1702m/z,231.1702_12.7,pHILIC,118875.8374,Isoleucyl-Valine,[M+H]+,NA,HMDB0028920,3,Xiaotao
1.03_261.1058n,262.1131_1,pHILIC,107709.8039,Pantetheine,[M+H]+,C00831,HMDB0003426,3,Xiaotao
1.18_509.1825m/z,509.1825_1.2,pHILIC,107556.7791,"4,7-Didehydroneophysalin B",[M+H]+,NA,HMDB0039695,3,Xiaotao
8.32_241.1544m/z,241.1544_8.3,pHILIC,105250.884,"N,N-dimethyl-pro-pro",[M+H]+,NA,NA,3,Kevin
2.58_225.0917m/z,225.0917_2.6,pHILIC,81051.01169,4-Hydroxychalcone,[M+H]+,C14231,HMDB0032584,3,Xiaotao
1.06_335.1356m/z,335.1356_1.1,pHILIC,56256.74543,Mitomycin,[M+H]+,C06681,HMDB0014450,3,Xiaotao
8.75_166.0863m/z,166.0863_8.8,pHILIC,51121.07678,5-(3-Pyridyl)-2-hydroxytetrahydrofuran,[M+H]+,C19578,HMDB0062407,3,Xiaotao
7.42_293.1470n,294.1542_7.4,pHILIC,45931.23981,N-(1-Deoxy-1-fructosyl)leucine|N-(1-Deoxy-1-fructosyl)isoleucine,[M+H]+,NA,HMDB37840|HMDB39780,3,Kevin
1.58_361.1432n,362.1504_1.6,pHILIC,36467.98445,Levofloxacin,[M+H]+,C07660,HMDB0001929,3,Xiaotao
10.32_197.1162n,198.1235_10.3,pHILIC,34275.77067,L-Histidine trimethylbetaine,[M+H]+,C05575,HMDB0029422,3,Kevin
1.39_86.0600m/z,86.06_1.4,pHILIC,32785.75547,2-Pyrrolidone,[M+H]+,C11118,HMDB0002039,3,Kevin
15.04_175.0759m/z,175.0759_15,pHILIC,31436.71785,3-Propylidene-1(3H)-isobenzofuranone,[M+H]+,NA,HMDB0031845,3,Xiaotao
7.68_316.1364m/z,316.1364_7.7,pHILIC,31419.73589,C10H17N7O5,[M+H]+,NA,NA,3,Kevin
3.52_319.1155n,320.1227_3.5,pHILIC,30203.98878,Aspartyl-Tryptophan,[M+H]+,NA,HMDB28764,3,Kevin
3.96_90.0550m/z,90.055_4,pHILIC,26908.89491,beta-Alanine,[M+H]+,C00099,HMDB0000056,3,Xiaotao
12.03_156.0535n,157.0608_12,pHILIC,26756.93372,5-Hydroxymethyl-4-methyluracil,[M+H]+,NA,HMDB0000544,3,Xiaotao
9.63_715.0385m/z,715.0385_9.6,nHILIC,33299325.66,"[2,6-dihydroxy-4-({[5-hydroxy-2-(hydroxymethyl)-4,6-bis(3,4,5-trihydroxybenzoyloxy)oxan-3-yl]oxy}carbonyl)phenyl]oxidanesulfonic acid",[M-H]-,NA,HMDB0133124,3,Xiaotao
7.32_208.9344m/z,208.9344_7.3,nHILIC,10228691.94,"1,3,5-Trichloro-2-methoxybenzene",[M-H]-,C11510,HMDB0029643,3,Xiaotao
9.20_352.9443m/z,352.9443_9.2,nHILIC,3517278.018,Pipobroman,[M-H]-,C07362,HMDB0014381,3,Xiaotao
2.65_463.3425m/z,463.3425_2.7,nHILIC,3256094.687,Trihydroxycoprostanoic acid,[M-H]-,NA,HMDB0002163,3,Xiaotao
1.11_449.3631m/z,449.3631_1.1,nHILIC,2943811.376,6-Deoxocastasterone,[M-H]-,C15802,HMDB0033984,3,Xiaotao
7.86_361.1369n,360.1296_7.9,nHILIC,2224906.289,De-O-methylsimmondsin,[M-H]-,NA,HMDB0041208,3,Xiaotao
1.82_385.1686m/z,385.1686_1.8,nHILIC,1696284.355,Porson,[M-H]-,NA,HMDB0030810,3,Xiaotao
1.09_383.1530m/z,383.153_1.1,nHILIC,1626411.299,16a-hydroxy DHEA 3-sulfate,[M-H]-,NA,HMDB62544,3,Kevin
9.70_473.0734m/z,473.0734_9.7,nHILIC,1600257.912,Chicoric acid,[M-H]-,C10437,HMDB0002375,3,Xiaotao
11.04_254.9813m/z,254.9813_11,nHILIC,1444172.597,Ascorbic acid-2-sulfate,[M-H]-,NA,HMDB0060649,3,Xiaotao
1.03_203.0018m/z,203.0018_1,nHILIC,1357279.241,Methylcatechol sulfate|Methoxyphenol sulfate,[M-H]-,NA,HMDB0240461|,3,Kevin
1.14_245.0486m/z,245.0486_1.1,nHILIC,1181470.679,[3-(4-methoxyphenyl)propoxy]sulfonic acid,[M-H]-,NA,HMDB0135750,3,Xiaotao
7.79_308.0983m/z,308.0983_7.8,nHILIC,964762.8266,N-Acetylneuraminic acid,[M-H]-,C19910,HMDB0000230,3,Xiaotao
9.70_801.0875m/z,801.0875_9.7,nHILIC,758978.5724,Punigluconin,[M-H]-,NA,HMDB0039202,3,Xiaotao
2.02_455.2469m/z,455.2469_2,nHILIC,727604.1038,Sulfolithocholic acid,[M-H]-,NA,HMDB0000907,3,Xiaotao
7.25_220.0847n,219.0774_7.3,nHILIC,517540.101,Oxindolylalanine,[M-H]-,NA,NA,3,Kevin
2.10_541.3872m/z,541.3872_2.1,nHILIC,498778.0133,3beta-Acetoxy-11alpha-methoxy-12-ursen-28-oic acid,[M-H]-,NA,HMDB0031675,3,Xiaotao
9.86_600.0609m/z,600.0609_9.9,nHILIC,433556.4772,O-acetyl-ADP-ribose,[M-H]-,NA,HMDB0059656,3,Xiaotao
11.77_165.0402m/z,165.0402_11.8,nHILIC,325604.2525,Arabonate | Xylonate,[M-H]-,NA,NA,3,Kevin
9.86_682.0646m/z,682.0646_9.9,nHILIC,317482.4797,Surugatoxin,[M-H]-,NA,HMDB0030173,3,Xiaotao
3.99_245.0776m/z,245.0776_4,nHILIC,292241.1005,"5,6-dihydrouridine",[M-H]-,NA,HMDB0000497,3,Kevin
1.15_356.2016n,355.1944_1.2,nHILIC,269436.4218,Desonide,[M-H]-,NA,HMDB0015389,3,Xiaotao
1.48_487.2729m/z,487.2729_1.5,nHILIC,267045.8364,Perulactone B,[M-H]-,NA,HMDB0030119,3,Xiaotao
5.94_80.9168m/z,80.9168_5.9,nHILIC,261592.5485,Hydrogen selenide,[M-H]-,C01528,HMDB0011110,3,Xiaotao
1.15_551.3049m/z,551.3049_1.2,nHILIC,236915.3777,Triterpenoid,[M-H]-,C06085,HMDB0004309,3,Xiaotao
2.80_449.3264m/z,449.3264_2.8,nHILIC,235849.555,"3alpha,7alpha,12alpha,24(S)-tetrahydroxy-5beta-cholestan-27-al",[M-H]-,NA,HMDB0062206,3,Xiaotao
7.28_478.1980m/z,478.198_7.3,nHILIC,235009.3866,Nicardipine,[M-H]-,C07264,HMDB0014760,3,Xiaotao
11.87_88.9880m/z,88.988_11.9,nHILIC,219114.534,Oxalate (ethanedioate),[M-H]-,C00209,HMDB02329,3,Kevin
9.88_285.0934m/z,285.0934_9.9,nHILIC,217484.1886,2-Methoxy-9-phenyl-1H-phenalen-1-one,[M-H]-,NA,HMDB0030840,3,Xiaotao
2.16_470.1939n,469.1866_2.2,nHILIC,201240.881,Paliperidone,[M-H]-,NA,HMDB0015396,3,Xiaotao
7.74_151.0069m/z,151.0069_7.7,nHILIC,188617.3136,Mercaptopurine,[M-H]-,C02380,HMDB0015167,3,Xiaotao
9.09_275.0647m/z,275.0647_9.1,nHILIC,184955.8123,Flutamide,[M-H]-,C07653,HMDB0014642,3,Xiaotao
7.65_615.1027m/z,615.1027_7.6,nHILIC,176015.5409,6''-O-Galloylquercimeritrin,[M-H]-,NA,HMDB0033593,3,Xiaotao
3.87_336.1320m/z,336.132_3.9,nHILIC,151769.8048,6-oxo-famciclovir,[M-H]-,NA,HMDB0061100,3,Xiaotao
8.81_386.9721m/z,386.9721_8.8,nHILIC,144115.0885,NTP,[M-H]-,NA,HMDB0060500,3,Xiaotao
7.40_629.1186m/z,629.1186_7.4,nHILIC,128625.3441,"{[5-({4,5-dihydroxy-2-[4-(7-hydroxy-4-oxo-3,4-dihydro-2H-1-benzopyran-2-yl)phenoxy]-6-(hydroxymethyl)oxan-3-yl}oxy)-3,4-dihydroxyoxolan-3-yl]methoxy}sulfonic acid",[M-H]-,NA,HMDB0124936,3,Xiaotao
7.26_214.1022n,213.0949_7.3,nHILIC,128048.2162,"(+/-)-2,8-Epithio-cis-p-menthane",[M-H]-,NA,HMDB0032251,3,Xiaotao
9.83_213.0490m/z,213.049_9.8,nHILIC,123415.2296,1-Methyl-3-(2-thiazolyl)-1H-indole,[M-H]-,NA,HMDB0034965,3,Xiaotao
7.21_415.1970m/z,415.197_7.2,nHILIC,111410.8377,Ethyl 7-epi-12-hydroxyjasmonate glucoside,[M-H]-,NA,HMDB0036340,3,Xiaotao
0.99_153.0192m/z,153.0192_1,nHILIC,107550.8304,Gentisic acid,[M-H]-,C00628,HMDB0000152,3,Xiaotao
0.96_257.2396m/z,257.2396_1,nHILIC,105303.2994,Decanoylcholine,[M-H]-,NA,HMDB0013228,3,Xiaotao
10.53_147.0297m/z,147.0297_10.5,nHILIC,104058.9713,Hydroxyglutaric acid,[M-H]-,NA,HMDB00428,3,Kevin
1.86_397.1685m/z,397.1685_1.9,nHILIC,98303.76406,Kanzonol M,[M-H]-,NA,HMDB0041101,3,Xiaotao
6.08_289.0718m/z,289.0718_6.1,nHILIC,97145.89494,Epicatechin,[M-H]-,C09727,HMDB0001871,3,Xiaotao
6.12_201.0263m/z,201.0263_6.1,nHILIC,87194.16471,"5-hydroxy-2-oxo-4-ureido-2,5-dihydro-1H-imidazole-5-carboxylate",[M-H]-,C12248,HMDB0059663,3,Xiaotao
2.52_126.9049m/z,126.9049_2.5,nHILIC,84628.68954,I(-),[M-H]-,C00708,HMDB0012238,3,Xiaotao
0.96_453.1978m/z,453.1978_1,nHILIC,84532.86448,Butyl (S)-3-hydroxybutyrate [arabinosyl-(1->6)-glucoside],[M-H]-,NA,HMDB0039214,3,Xiaotao
0.97_217.0174m/z,217.0174_1,nHILIC,76566.02277,Tyrosol 4-sulfate,[M-H]-,NA,HMDB0041785,3,Xiaotao
6.48_148.9909m/z,148.9909_6.5,nHILIC,75340.56969,Thiodiacetic acid,[M-H]-,C14872,HMDB0042032,3,Xiaotao
2.31_241.0464m/z,241.0464_2.3,nHILIC,72164.42677,Bretylium,[M-H]-,C06855,HMDB0015289,3,Xiaotao
0.97_352.0857m/z,352.0857_1,nHILIC,65828.86208,4-Hydroxybenzyl isothiocyanate 4''-acetylrhamnoside,[M-H]-,NA,HMDB0032802,3,Xiaotao
2.42_476.1822m/z,476.1822_2.4,nHILIC,64909.14806,Furcelleran,[M-H]-,NA,HMDB0037510,3,Xiaotao
7.67_574.2040m/z,574.204_7.7,nHILIC,64674.0092,Zafirlukast,[M-H]-,C07206,HMDB0014689,3,Xiaotao
12.88_491.2321m/z,491.2321_12.9,pRPLC,304884.8229,Glimepiride,[M+H]+,C07669,HMDB0014367,3,Xiaotao
10.06_449.3130n,450.3203_10.1,pRPLC,229256.7371,Chenodeoxycholic acid glycine conjugate|Glycoursodeoxycholic acid,[M+H]+,C05466|,HMDB00637|HMDB00708,3,Kevin
3.74_181.0717m/z,181.0717_3.7,pRPLC,221549.5218,Theophylline,[M+H]+,C07130,HMDB0001889,3,Kevin
10.89_431.3144m/z,431.3144_10.9,pRPLC,119171.508,7-alpha-hydroxy-3-oxo-4-cholestenoate (7-Hoca),[M+H]+,C17337,HMDB12458,3,Kevin
9.48_465.3080n,466.3152_9.5,pRPLC,82878.49667,Glycocholic acid,[M+H]+,C01921,HMDB00138,3,Kevin
0.56_132.0979n,133.1052_0.6,pRPLC,82814.56479,2-Heptanethiol,[M+H]+,NA,HMDB0032303,3,Xiaotao
10.78_379.2235m/z,379.2235_10.8,pRPLC,80112.2474,Neotame,[M+H]+,NA,HMDB0034566,3,Xiaotao
0.56_628.1439n,629.1512_0.6,pRPLC,78471.52731,"6-{4-[12-(3,4-dihydroxyphenyl)-8,13-dihydroxy-4-oxo-3,11-dioxatricyclo[8.4.0.0<U+00B2>,7]tetradeca-1(10),2(7),8-trien-6-yl]-2-hydroxyphenoxy}-3,4,5-trihydroxyoxane-2-carboxylic acid",[M+H]+,NA,HMDB0124849,3,Xiaotao
0.69_221.0330m/z,221.033_0.7,pRPLC,78213.62706,Imidazole acetol-phosphate,[M+H]+,C01267,HMDB0012236,3,Xiaotao
6.72_333.1435m/z,333.1435_6.7,pRPLC,68632.69379,"Bilirubin degradation product, C17H20N2O5",[M+H]+,NA,NA,3,Kevin
11.55_299.1950m/z,299.195_11.6,pRPLC,67675.72327,Diphthamide,[M+H]+,NA,HMDB0060473,3,Xiaotao
9.12_282.1457n,283.153_9.1,pRPLC,63071.16211,Octyl gallate,[M+H]+,NA,HMDB0033375,3,Xiaotao
3.25_295.0361n,296.0434_3.2,pRPLC,62569.93604,DOPA sulfate,[M+H]+,NA,HMDB0002028,3,Xiaotao
8.89_425.1561m/z,425.1561_8.9,pRPLC,58242.93513,6-Hydroxymelatonin glucuronide,[M+H]+,NA,HMDB0060786,3,Xiaotao
13.39_723.4523m/z,723.4523_13.4,pRPLC,51593.04382,Octaprenyl diphosphate,[M+H]+,C04146,HMDB0001094,3,Xiaotao
12.48_312.1972n,313.2044_12.5,pRPLC,46273.57524,Sodium Tetradecyl Sulfate,[M+H]+,NA,HMDB0014607,3,Xiaotao
13.52_448.3539n,449.3612_13.5,pRPLC,43445.26277,6-Deoxodolichosterone,[M+H]+,NA,HMDB0034332,3,Xiaotao
1.39_237.0863m/z,237.0863_1.4,pRPLC,42957.38181,L-Formylkynurenine,[M+H]+,C02700,HMDB0060485,3,Kevin
7.68_364.2240n,365.2313_7.7,pRPLC,42733.66223,Dihydrocortisol,[M+H]+,C05471,HMDB03259,3,Kevin
9.78_223.1326m/z,223.1326_9.8,pRPLC,39976.79972,1-hydroxy-1-(4-methoxyphenyl)-4-methylpentan-3-one,[M+H]+,NA,HMDB0132941,3,Xiaotao
12.43_477.3924m/z,477.3924_12.4,pRPLC,38763.65781,Panaxatriol,[M+H]+,NA,HMDB0038244,3,Xiaotao
10.92_543.3395n,542.3322_10.9,nRPLC,1603829.417,Janthitrem E,[M-H]-,NA,HMDB0030529,3,Xiaotao
13.29_417.3219m/z,417.3219_13.3,nRPLC,1120397.454,beta-Citraurinene,[M-H]-,NA,HMDB0035686,3,Xiaotao
0.62_176.0800n,175.0728_0.6,nRPLC,803362.6177,Alanylserine,[M-H]-,NA,HMDB0028696,3,Xiaotao
9.92_508.2299n,507.2226_9.9,nRPLC,766380.789,Acetyl-T2 Toxin,[M-H]-,NA,HMDB0033164,3,Xiaotao
5.68_256.0951n,255.0878_5.7,nRPLC,498777.1613,"3-hydroxy-3-(3,4,5-trimethoxyphenyl)propanoic acid",[M-H]-,NA,HMDB0141328,3,Xiaotao
9.10_267.1237m/z,267.1237_9.1,nRPLC,439707.8204,Kamahine C,[M-H]-,NA,HMDB0038935,3,Xiaotao
0.62_351.0145m/z,351.0145_0.6,nRPLC,341070.8839,Thelephoric acid,[M-H]-,NA,HMDB0030552,3,Xiaotao
12.37_458.3784n,457.3711_12.4,nRPLC,284625.7203,Ganoderiol C,[M-H]-,NA,HMDB0037781,3,Xiaotao
11.91_409.2356m/z,409.2356_11.9,nRPLC,248687.2329,LysoPA(16:0),[M-H]-,C00416,HMDB0007849,3,Xiaotao
7.66_539.2491m/z,539.2491_7.7,nRPLC,241003.3,Tetrahydroaldosterone glucuronide|Tetrahydrocortisone glucuronide,[M-H]-,NA,HMDB10357,3,Kevin
13.04_421.2261m/z,421.2261_13,nRPLC,225013.1899,2-Methylacetophenone,[M-H]-,C07874,HMDB0032386,3,Xiaotao
7.74_313.1197m/z,313.1197_7.7,nRPLC,161912.2,"bilirubin degradation product, C17H18N2O4",[M-H]-,NA,NA,3,Kevin
4.03_287.0646n,286.0573_4,nRPLC,146809.5643,Embramine,[M-H]-,NA,HMDB0240239,3,Xiaotao
12.67_515.3729m/z,515.3729_12.7,nRPLC,144049.1262,22-Acetylpriverogenin B,[M-H]-,NA,HMDB0034645,3,Xiaotao
7.87_229.0538m/z,229.0538_7.9,nRPLC,138575.091,Thymol Sulfate,[M-H]-,NA,HMDB0062720,3,Xiaotao
7.44_541.2649m/z,541.2649_7.4,nRPLC,133643.2,Cortolone glucuronide|Tetrahydrocortisol glucuronide,[M-H]-,NA,HMDB10320,3,Kevin
12.40_439.3424m/z,439.3424_12.4,nRPLC,108993.9764,Momordol,[M-H]-,NA,HMDB0029804,3,Xiaotao
9.24_386.1857n,385.1784_9.2,nRPLC,102576.3083,Olmesartan,[M-H]-,NA,HMDB0014420,3,Xiaotao
3.68_286.0925n,285.0853_3.7,nRPLC,94465.3271,meta-O-Dealkylated flecainide lactam,[M-H]-,NA,HMDB0060832,3,Xiaotao
12.49_415.3211m/z,415.3211_12.5,nRPLC,91988.49937,Hydroxycholestenoic acid,[M-H]-,NA,HMDB12453,3,Kevin
7.52_362.2085n,361.2012_7.5,nRPLC,89369.48702,Hydroxycorticosterone,[M-H]-,C01124,HMDB00319,3,Kevin
6.69_213.0227m/z,213.0227_6.7,nRPLC,88085.08292,{[(2E)-3-phenylprop-2-en-1-yl]oxy}sulfonic acid,[M-H]-,NA,HMDB0135284,3,Xiaotao
12.07_417.3013m/z,417.3013_12.1,nRPLC,85689.28727,11'-Carboxy-alpha-chromanol,[M-H]-,NA,HMDB0012515,3,Xiaotao
10.90_493.3036n,492.2963_10.9,nRPLC,84341.78078,"N-[(3a,5b,7b)-7-hydroxy-24-oxo-3-(sulfooxy)cholan-24-yl]-Glycine",[M-H]-,NA,HMDB0002409,3,Xiaotao
11.88_437.3268m/z,437.3268_11.9,nRPLC,78798.83501,"27-Nor-5b-cholestane-3a,7a,12a,24,25-pentol",[M-H]-,NA,HMDB0002126,3,Xiaotao
7.45_462.1766m/z,462.1766_7.4,nRPLC,72677.57,Dihydroisomorphine-3-glucuronide,[M-H]-,NA,HMDB0060820,3,Xiaotao
9.42_499.2908m/z,499.2908_9.4,nRPLC,72073.28174,Mupirocin,[M-H]-,C11758,HMDB0014554,3,Xiaotao
11.15_628.3611m/z,628.3611_11.1,nRPLC,68520.92497,Janthitrem G,[M-H]-,NA,HMDB0030531,3,Xiaotao
11.30_389.2696m/z,389.2696_11.3,nRPLC,65470.76747,Ketodeoxycholic acid,[M-H]-,NA,HMDB00328,3,Kevin
10.61_528.1771m/z,528.1771_10.6,nRPLC,57986.3405,Nilotinib,[M-H]-,NA,HMDB0015595,3,Xiaotao
12.43_489.3587m/z,489.3587_12.4,nRPLC,55473.99739,Barringtogenol C,[M-H]-,C08931,HMDB0034525,3,Xiaotao
8.87_387.1844m/z,387.1844_8.9,nRPLC,52290.44446,Cyclomammein,[M-H]-,NA,HMDB0030711,3,Xiaotao
8.17_445.1868m/z,445.1868_8.2,nRPLC,51501.15916,Estrone glucuronide,[M-H]-,C11133,HMDB0004483,3,Xiaotao
11.03_471.2418m/z,471.2418_11,nRPLC,50421.34701,Chenodeoxycholic acid sulfate|Isoursodeoxycholate sulfate,[M-H]-,NA,HMDB02586|HMDB02642,3,Kevin
10.65_399.2208m/z,399.2208_10.6,nRPLC,48914.47511,Pregnandiol monosulfate ,[M-H]-,NA,NA,3,Kevin
9.71_567.3171m/z,567.3171_9.7,nRPLC,48397.89824,Deoxycholic acid glucuronide,[M-H]-,C03033,HMDB02596,3,Kevin
12.91_328.1621m/z,328.1621_12.9,nRPLC,44786.63017,Hydroxyethylpromethazine,[M-H]-,NA,HMDB0240229,3,Xiaotao
10.78_453.3219m/z,453.3219_10.8,nRPLC,43568.39234,27-Norcholestanehexol,[M-H]-,NA,HMDB0002157,3,Xiaotao
9.22_465.2488m/z,465.2488_9.2,nRPLC,42123.62762,Androsterone glucuronide,[M-H]-,C11135,HMDB02829,3,Kevin
13.35_315.1272m/z,315.1272_13.4,nRPLC,39584.96338,8-Hydroxydesmethylclomipramine,[M-H]-,NA,HMDB0060803,3,Xiaotao
9.13_468.2718n,467.2645_9.1,nRPLC,39428.19292,"5alpha-Androstan-3alpha,17beta-diol 17-glucuronide",[M-H]-,NA,NA,3,Kevin
12.47_431.3162m/z,431.3162_12.5,nRPLC,39304.19951,Dihydroxy-cholestenoic acid,[M-H]-,NA,NA,3,Kevin
10.93_550.2449m/z,550.2449_10.9,nRPLC,39276.61466,Endoxifen O-glucuronide,[M-H]-,NA,HMDB0060622,3,Xiaotao
11.15_351.2537m/z,351.2537_11.1,nRPLC,38019.91498,MG(18:3),[M-H]-,NA,HMDB0011539,3,Xiaotao
10.93_431.3162m/z,431.3162_10.9,nRPLC,37744.72892,Dihydroxy-cholestenoic acid,[M-H]-,NA,NA,3,Kevin
3.83_182.0821m/z,182.0821_3.8,nRPLC,37250.07,Epinephrine,[M-H]-,C00788,HMDB0000068,3,Xiaotao
11.28_517.2435m/z,517.2435_11.3,nRPLC,37147.06798,Austalide G,[M-H]-,NA,HMDB0030154,3,Xiaotao
10.99_463.3064m/z,463.3064_11,nRPLC,36772.65139,Ecdysone,[M-H]-,C00477,METPA1782,3,Kevin
5.35_165.0407m/z,165.0407_5.4,nRPLC,36215.9434,Arabinonic acid,[M-H]-,C00878,HMDB0000539,3,Xiaotao
7.74_481.2438m/z,481.2438_7.7,nRPLC,36142.83,11-beta-Hydroxyandrosterone-3-glucuronide,[M-H]-,C05643,HMDB0010351,3,Xiaotao
10.95_381.2621m/z,381.2621_11,nRPLC,36125.46099,Misoprostol,[M-H]-,NA,HMDB0015064,3,Xiaotao
7.25_173.1181m/z,173.1181_7.3,nRPLC,35640.46618,(<U+00B1>)-3-Hydroxynonanoic acid,[M-H]-,NA,HMDB0031513,3,Xiaotao
2.87_369.0474m/z,369.0474_2.9,nRPLC,34415.26,2-O-Caffeoylhydroxycitric acid,[M-H]-,NA,HMDB0040572,3,Xiaotao
6.99_157.0869m/z,157.0869_7,nRPLC,32315.92205,Propyl levulinate,[M-H]-,NA,HMDB0041616,3,Xiaotao
10.78_249.1859m/z,249.1859_10.8,nRPLC,30211.8043,Norambreinolide,[M-H]-,NA,HMDB0035293,3,Xiaotao
9.86_495.2960m/z,495.296_9.9,nRPLC,28989.88179,Pregnanediol glucuronide|Dihydroxy-pregnane glucuronide,[M-H]-,C03033,HMDB10318|HMDB10352,3,Kevin
6.96_213.1132m/z,213.1132_7,nRPLC,27370.88442,5-Hexyltetrahydro-2-oxo-3-furancarboxylic acid,[M-H]-,NA,HMDB0030984,3,Xiaotao
7.03_653.2714m/z,653.2714_7,nRPLC,26505.22,Coproporphyrin III,[M-H]-,C05770,HMDB0000570,3,Xiaotao
11.94_635.3796m/z,635.3796_11.9,nRPLC,25547.4452,Madlongiside C,[M-H]-,NA,HMDB0037904,3,Xiaotao
10.88_511.3037m/z,511.3037_10.9,nRPLC,25090.64145,1-Stearoylglycerophosphoglycerol,[M-H]-,NA,HMDB0061697,3,Xiaotao
7.97_179.0713m/z,179.0713_8,nRPLC,24778.45,Propyl hydroxybenzoic acid,[M-H]-,NA,NA,3,Kevin
2.76_230.1028n,229.0955_2.8,nRPLC,23340.31715,Argininosuccinic acid,[M-H]-,C03406,HMDB0000052,3,Xiaotao
